brand,count,retailers,types,sample_products
Smucker's Squeeze,18,samsclub/walmart,LES COMTES DE PROVENCE 딸기잼; 오리히로 과일 곤약젤리; 본마망 무화과잼; 본마망 4프루츠잼; LES COMTES DE PROVENCE 멀티베리 스프레드,"Smucker's Squeeze Sugar Free Seedless Strawberry Jam, 16.5 oz Squeezable Bottle; Smucker's Squeeze Strawberry Fruit Spread, 2 pk.; Smucker's Squeeze Grape Fruit Spread, 3 pk."
Apple &,16,samsclub/walmart,JUVER 사과주스; TIPCO 오렌지자몽주스 (착즙),"Apple & Eve 100% Apple Juice, 6.75 fl oz, 8 Count; Apple & Eve 100% Juice Variety Pack, 6.75 fl. oz., 36 pk.; Apple & Eve 100% Apple Juice 10 oz., 24 pk."
Welch's Fruit,15,walmart,하리보 푸르티부시; GENERAL MILLS 후르츠 롤업 젤리,"Welch's Fruit Snacks, Mixed Fruit, Soft Kids Snacks, 0.8 oz, 22 Count; Welch's Fruit Snacks, Mixed Fruit, Soft Kids Snacks, 0.8 oz, 10 Count; Welch's Fruit 'N Yogurt Strawberry Soft Fruit Snacks, .7 oz, 20 Count"
Rao's Homemade,15,samsclub/walmart,RAO'S 마리나라소스; HEINZ 클레시코 알프레도소스; 데체코 바질페스토; AGROMONTE 토마토 파스타 소스,"Rao's Homemade Marinara Sauce Made with Italian Tomatoes, 32 oz; Rao's Homemade Sensitive Sauce Made with Italian Tomatoes, 24 oz; Rao's Homemade Marinara Sauce Made with Italian Tomatoes, 40 oz"
Smucker's Strawberry,13,samsclub/walmart,LES COMTES DE PROVENCE 딸기잼; 오리히로 과일 곤약젤리; 본마망 무화과잼; LES COMTES DE PROVENCE 멀티베리 스프레드,"Smucker's Strawberry Jam, 32 oz; Smucker's Strawberry Jam, Mixed Fruit and Concord Grape Jelly Assortment, 1/2 oz Plastic Portion Control Cup, 200-Count Case; Smucker's Strawberry Jam, Mixed Fruit & Concord Grape Jelly Assortment, 27 ct - Back to School"
Yo Mama's,11,samsclub/walmart,RAO'S 마리나라소스; HEINZ 클레시코 알프레도소스; 데체코 바질페스토; AGROMONTE 토마토 파스타 소스; RAGU 토마토 파스타소스,"Yo Mama's Foods Low-Sodium Marinara Pasta Sauce, 25 oz., 3 pk.; Yo Mama's Foods Low-Carb Italian Pasta Sauce Gift Box, 25 oz., 3 pk.; Yo Mama's Foods Low-Carb No Sugar Added Alfredo Sauce, 16 oz., 3 pk."
NERDS Gummy,11,walmart,하리보 스타믹스젤리; 하리보 메가 파티 젤리; 트롤리 올인원 젤리,"NERDS Gummy Clusters, Candy, Rainbow, Crunchy and Gummy, 3 oz Box; NERDS Gummy Clusters, Candy, Rainbow, Crunchy and Gummy, 8 oz Bag; NERDS Gummy Clusters, Candy, Very Berry, Crunchy and Gummy, 8 oz Bag"
Lee Kum,10,walmart,이금기 프리미엄 굴소스,"Lee Kum Kee Panda Brand Oyster Flavored Sauce, 9 oz Glass Bottle; Lee Kum Kee Panda Oyster Sauce, 18 oz; Lee Kum Kee Premium Oyster Sauce (11.5 oz Squeezable - 1 pack) Umami | Perfect for Stir-Frying, Drizzling, Grilling, Roasting, Glazing & Marinades"
Wasabi Peas,10,walmart,KASUGAI 와사비콩 스낵 (그린피스+잠두),Wasabi Peas - Crunchy Oriental Spicy Snack - by Its Delish 10 lbs; Wasabi Peas - Crunchy Oriental Spicy Snack - by Its Delish 1 lb; Wasabi Peas - Crunchy Oriental Spicy Snack - by Its Delish 2 lbs
Cheerios Protein,10,samsclub/walmart,MISURA 프로틴 플레이크; GENERAL MILLS 시나몬토스트크런치,"Cheerios Protein Cereal, Cinnamon, 8g Protein, Family Size, 15 oz; Cheerios Protein Cereal, Honey Nut, 8g Protein, Family Size, 14 oz; Cheerios Protein Cereal, Strawberry, 8g Protein, Family Size, 15 oz"
A.1. Original,10,samsclub/walmart,A1스테이크소스; 이금기 프리미엄 굴소스,"A.1. Original Sauce, 10 oz. Bottle; A.1. Original Sauce, 15 oz. Bottle; A.1. Original Sauce, 5 oz. Bottle"
Doritos Nacho,10,samsclub/walmart,엘로 토티야칩스; 도리토스 나초칩,"Doritos Nacho Cheese Flavored Tortilla Chips, 18.38 oz.; Doritos Nacho Cheese Tortilla Chips, 1 oz., 50 pk.; Doritos Nacho Cheese Tortilla Snack Chips,Party Size, 14.5 Ounce Bag"
BelGioioso Fresh,10,walmart,EURO POMELLA 부라타치즈,"BelGioioso Fresh Mozzarella Cheese Pearls Mini Snacking Cheese, 8 oz Refrigerated Plastic Packet; BelGioioso Fresh Mozzarella Sliced Log, 8 oz Refrigerated Plastic Packet; BelGioioso Fresh Mozzarella Cheese Ball, Specialty Soft Cheese, Refrigerated 8 oz Plastic Wrapping"
Nescafé Clasico,10,samsclub,스타벅스 미디엄 아메리카노; 스타벅스 다크아메리카노; 네스카페 테이스터스 초이스커피,"Nescafé Clasico Dark Roast Instant Coffee, 21 oz.; Nescafé Clasico Dark Roast Instant Coffee, 14.1 oz., 2 pk."
Maille Old,10,walmart,MAILLE 홀그레인 머스타드,"Maille Old Style Whole Grain Dijon Mustard, 7.3 oz Jar; Maille Old Style Whole Grain Dijon Mustard 7.3 oz; Maille Old Style Whole Grain Dijon Mustard 7.3 oz (Pack Of 1)"
Cracker Jack,8,samsclub/walmart,KRACKCORN 카라멜 팝콘; 카라멜팝콘 클래식,"Cracker Jack Crunchy Caramel Coated Popcorns & Peanuts 8.5oz Bag; Cracker Jack Original Caramel Coated Popcorn and Peanuts 1.25 oz., 30 pk."
Mott's 100%,8,samsclub/walmart,JUVER 사과주스; TIPCO 오렌지자몽주스 (착즙),"Mott's 100% Apple Juice, 64 Fluid Ounce, Bottle; Mott's 100% Apple Juice 86 fl. oz., 2 pk.; Mott's 100% Original  Apple Juice 8 fl. oz., 24 pk."
G.H. Cretors,8,walmart,KRACKCORN 카라멜 팝콘; 카라멜팝콘 클래식,"G.H. Cretors Handcrafted Small-Batch Cheese & Caramel Popcorn Mix, 7.5 oz, Gluten-Free Snack; G.H. Cretors Popped Caramel Corn, 8 oz - Gluten-Free Popcorn Treat"
Del Monte,8,samsclub,KASUGAI 와사비콩 스낵 (그린피스+잠두),"Del Monte Golden Sweet Whole Kernel Corn, 15.25 oz., 8 pk.; Del Monte Sweet Peas, 105 oz.; Del Monte Whole Kernel Corn, 106 oz."
Heinz Tomato,8,samsclub/walmart,하인즈 토마토 케찹,"Heinz Tomato Ketchup Inverted Squeeze Bottle, 1 Bottle, for Easy Sharing and Easy Serving, 32 oz; Heinz Tomato Ketchup, 14 oz Bottle; Heinz Tomato Ketchup Squeeze Bottle, 2 Bottles, for Easy Sharing and Easy Serving, Gluten-Free, 50.5 oz"
CRETORS Cheese,8,samsclub,KRACKCORN 카라멜 팝콘; 카라멜팝콘 클래식,"CRETORS Cheese & Caramel Flavored Popcorn Mix, 23.5 oz.; CRETORS Cheese & Caramel Mix Popcorn, 1.5 oz., 12 pk."
Garrett Popcorn,8,samsclub/walmart,KRACKCORN 카라멜 팝콘; 카라멜팝콘 클래식,"Garrett Popcorn Shops, CaramelCrisp, 7.5 oz; Garrett Popcorn Shops, Garrett Mix, 20 oz."
Hellmann's Real,8,samsclub/walmart,MAILLE 홀그레인 머스타드; 하인즈 굿마요네즈,"Hellmann's Real Mayonnaise, 64 fl. oz.; Hellmann's Real Mayonnaise, Sandwich Spread Condiments, 30 oz Jar; Hellmann's Real Mayonnaise Rich Creamy Condiment Gluten Free, 20 fl oz Squeeze Bottle"
Nescafe Azera,8,walmart,스타벅스 미디엄 아메리카노,"Nescafe Azera Americano Instant Coffee 140g, Imported from Britain; Nescafe Azera Americano Decaff Instant Coffee 90g, Imported from Britain; Nescafe Azera Americano Instant Coffee 90g, Imported from Britain"
(2 pack),8,walmart,타바스코핫소스; 체다치즈 크래커; 프링글스 오리지널 멀티팩; LIKE AIR 퍼프콘 클래식; AGROMONTE 토마토 파스타 소스,"(2 pack) Texas Pete Original Hot Sauce, 24 fl oz, Gluten-Free, Vegan, Kosher; (2 pack) Great Value White Cheddar Cheese Crackers, 12.4 oz; (2 pack) Pringles Salt and Vinegar Potato Crisps Chips, Lunch Snacks, 5.5 oz Canister"
Simply Lemonade,8,walmart,JUVER 레몬에이드,"Simply Lemonade Bottle, 52 fl oz; Simply Lemonade with Strawberry Bottle, 52 fl oz; Simply Lemonade with Raspberry Bottle, 52 fl oz"
Cheez-It Original,8,samsclub/walmart,체다치즈 크래커; 완두콩 크래커; NABISCO 리츠 오리지널; 덴로쿠 스낵믹스 (개별포장 믹스),"Cheez-It Original Cheese Crackers, Baked Snack Crackers, 12.4 oz; Cheez-It Original Baked Snack Crackers, 24 oz., 2 pk.; Cheez-It Original Baked Snack Crackers, 1.5 oz., 45 pk."
Ocean Spray,8,walmart,TIPCO 오렌지자몽주스 (착즙),"Ocean Spray Ruby Red Grapefruit Juice Drinks, 10 fl oz Bottles, 6 Count; Ocean Spray No Sugar Added 100% Grapefruit Juice; Ocean Spray Unsweetened Pure White Grapefruit Juice"
Catalina Crunch,7,samsclub/walmart,MISURA 프로틴 플레이크; GENERAL MILLS 시나몬토스트크런치,"Catalina Crunch Protein Cereal, Cinnamon Toast 9 oz; Catalina Crunch Cinnamon Toast Cereal, 22 oz.; Catalina Crunch Blueberry Muffin Cereal, 19 oz."
(12 pack),7,walmart,하인즈 토마토 케찹; NABISCO 오레오쿠키; 하인즈 유기농 토마토케찹; GENERAL MILLS 후르츠거거셔스 젤리,"(12 pack) Great Value Tomato Ketchup, 32 oz, Gluten Free, Allergy Friendly; (12 pack) Great Value Tomato Ketchup, 38 oz; (12 pack) Great Value Twist & Shout Chocolate Sandwich Cookies, 19.1 oz"
La Tourangelle,7,walmart,OTTAVIO 포도씨유; OTTAVIO 아보카도 오일; CHOSEN FOODS 아보카도오일,"La Tourangelle Expeller-Pressed Grapeseed Oil, 16.9 Fl oz; La Tourangelle, Expeller-Pressed Grapeseed Oil, 25.4 fl oz (750 ml); La Tourangelle, Delicate Avocado Oil Spray, 5 fl oz (147 ml)"
HARIBO Goldbears,7,walmart,하리보 골드베렌; 하리보 메가 파티 젤리; 트롤리 올인원 젤리,"HARIBO Goldbears Gummy Bears Original Assorted Fruit Flavor Candy Gummies, 4 oz Bag; HARIBO Goldbears Gummy Bears Wild Berry Candy Gummies, 4 oz, Peg Bag; HARIBO Goldbears Gummy Bears Original Assorted Fruit Flavor Candy Gummies, 8 oz, Share Size Bag"
Freshness Guaranteed,7,walmart,CP 플레이밍 치킨 텐더; MENISSEZ 미니 프렌치롤; TENKEI 종합 모나카,"Freshness Guaranteed Chicken Breast Tenderloins, 1.0 - 3.5 lb Tray; Freshness Guaranteed French Steak Rolls, 13 oz, 8 Count; Freshness Guaranteed French Steak Rolls, 2 lb 7 oz, 24 Count"
Pure Protein,6,samsclub/walmart,네이처밸리 프로틴바,"Pure Protein Bars, Chocolate Deluxe, Gluten Free, 21g Protein, 1.76 oz, 4 Count; Pure Protein Bars, Chocolate Deluxe, Low Sugar, 21g Protein, 1.76 oz, 12 Count; Pure Protein Bars Gluten Free, Chocolate Variety Pack 23 ct."
OREO Chocolate,6,samsclub/walmart,NABISCO 오레오쿠키; O'DAY 누가샌드위치 크래커,"OREO Chocolate Sandwich Cookies, 13.29 oz; OREO Chocolate Sandwich Cookies, Family Size, 18.12 oz; OREO Chocolate Sandwich Cookies, 2.4 oz., 30 pk."
Heinz Original,6,samsclub,MAILLE 홀그레인 머스타드; 하인즈 토마토 케찹,"Heinz Original Tomato Ketchup, 44 oz., 3 pk.; Heinz Original Tomato Ketchup, 114 oz."
Snyder's of,6,walmart,미니프레첼,"Snyder's of Hanover Mini Pretzels, 16 oz Bag; Snyder's of Hanover, Mini Pretzels, Individual Packs, 60 Ct; Snyder's of Hanover, Itty Bitty Minis Pretzels, 12 oz Bag"
Country Time,6,samsclub,JUVER 레몬에이드,"Country Time Powdered Lemonade Drink Mix 82.5 oz.; Country Time Pink Lemonade Naturally Flavored Powdered Drink Mix, 5.16 lbs.; Country Time Variety Pack 19 oz., 3 pk."
Pringles Potato,6,samsclub,프링글스 오리지널 멀티팩; 프링글스 사워크림&어니언 멀티팩; 레이즈 클래식,"Pringles Potato Crisps Snack Cups, Variety Pack Chips, 0.67 oz., 36 ct.; Pringles Potato Crisps, Grab N’ Go Variety Pack Chips, 36 pk.; Pringles Potato Crisps, Snack Cups Variety Pack Chips, 48 pk."
(4 pack),6,walmart,MCCAIN 해쉬브라운 감자; 본마망 4프루츠잼; TIPCO 오렌지자몽주스 (착즙),"(4 pack) Hungry Jack Hashbrown Potatoes, 4.2 oz pint carton; (4 pack) Great Value Red Raspberry Preserves, 18 oz; (4 pack) Ocean Spray Ruby Red Grapefruit Juice Drinks, 10 fl oz Bottles, 6 Count"
Jif Creamy,6,samsclub/walmart,본마망 무화과잼; 스키피 크리미 땅콩버터; GENERAL MILLS 골든그레이엄,"Jif Creamy Peanut Butter, 48 oz., 2 pk.; Jif Creamy Peanut Butter, 16 oz Jar; Jif Creamy Peanut Butter, 40 oz Jar"
Ore-Ida Crispy,6,samsclub/walmart,CP 통새우완탕; CAVENDISH 스트레이트컷 감자; CAVENDISH 크리스피 스파이시,"Ore-Ida Crispy Crinkles French Fries, Frozen 8 lbs.; Ore-Ida Crispy Straight-Cut Fries French Fried Frozen Potatoes, 1 Bag, for Easy Snacks and Dinner Sides, Gluten-Free, 32 oz; Ore-Ida Crispy Straight-Cut Fries French Fried Frozen Potatoes, 1 Value Size Bag, for Easy Snacks and Dinner Sides, Gluten-Free, 5 lb"
Folgers Classic,6,samsclub/walmart,스타벅스 미디엄 아메리카노; 네스카페 테이스터스 초이스커피,"Folgers Classic Roast Instant Coffee Crystals, 16 oz.; Folgers Classic Roast Instant Coffee, 3 oz Jar; Folgers Classic Decaf Instant Coffee Crystals Packets, 6 Count"
Nescafé Taster's,6,samsclub,스타벅스 미디엄 아메리카노; 네스카페 테이스터스 초이스커피,"Nescafé Taster's Choice Decaf House Blend Instant Coffee, 14 oz.; Nescafé Taster's Choice House Blend Light-Medium Instant Coffee, 14 oz."
Absolutely Gluten,6,walmart,PM SWEET 36 마카롱,"Absolutely Gluten Free Coconut Macaroon Cookies, 10oz; Absolutely Gluten Free Chocolate Macaroons, 10 Oz; Absolutely Gluten Free Chocolate Coconut Macaroons 10 oz 2 Pack Grain Free, Dairy Free, Soy Free"
Tai Pei,6,walmart,CP 통새우완탕,"Tai Pei Pork Potstickers, Frozen Asian Appetizers, 46.5 oz; Tai Pei Chicken Potstickers, Frozen Asian Appetizers, 46.5 oz; Tai Pei Shrimp Fried Rice, Frozen Asian Entre, 9 oz"
Mott's Gluten,6,walmart,하리보 푸르티부시; GENERAL MILLS 후르츠 롤업 젤리,"Mott's Gluten Free Assorted Fruit Flavored Snacks, Made with Real Fruit Puree (10 Pack); Mott's Gluten Free Assorted Fruit Flavored Snacks, Made with Real Fruit Puree (40 Pack)"
(3 pack),6,walmart,EMMI 이탈리안 티라미슈; LES COMTES DE PROVENCE 멀티베리 스프레드; 페레로 누텔라; DR.Q 과즙젤리 4종; TENKEI 종합 모나카,"(3 pack) OREO Thins Tiramisu Creme Chocolate Sandwich Cookies, Family Size, 11.78 oz; (3 pack) Crofter's Organic Berry Harvest Fruit Spread Squeeze, 13 oz; (3 pack) GOOD GOOD Choco Hazelnut Spread with Cocoa, No Added Sugar, 12 oz"
Triscuit Original,6,samsclub/walmart,MISURA 통밀 크래커,"Triscuit Original Whole Grain Wheat Crackers, Vegan Crackers, Healthy Snacks, Lunch Snacks, 8.5 oz; Triscuit Original Whole Grain Wheat Crackers, Vegan Crackers, Healthy Snacks, Family Size, 12.5 oz; Triscuit Original Whole Grain Wheat Crackers, 8.5 oz., 4 pk."
Goldfish Cheddar,6,walmart,체다치즈 크래커,"Goldfish Cheddar Crackers, 6.6 oz Bag; Goldfish Cheddar Cheese Crackers, 10 oz Bag; Goldfish Cheddar Cheese Crackers, 27.3 oz Carton"
Sweet Baby,6,samsclub/walmart,타바스코핫소스; 이금기 프리미엄 굴소스,"Sweet Baby Ray's® Mild Buffalo Wing Sauce 16 fl oz; Sweet Baby Ray's Original Barbecue Sauce, 1 gal.; Sweet Baby Ray's Barbecue Sauce, 40 oz., 2 pk."
Ocean Spray®,6,walmart,TIPCO 오렌지자몽주스 (착즙),"Ocean Spray® Ruby Red Grapefruit Juice Drink, 64 fl oz Bottle; Ocean Spray® 100% Grapefruit Juice, 100% Juice, 60 fl oz Bottle; Ocean Spray® 100% Ruby Red Grapefruit Juice, 100% Juice, 60 fl oz Bottle"
Kodiak Protein-Packed,6,walmart,퀘이커 심플리그래놀라; 네이처밸리 트레일 믹스바,"Kodiak Protein-Packed Cookie Butter Protein Granola Bag, Ready to Eat, 11 oz; Kodiak Protein-Packed Honey Oat Protein Granola Bag, Ready to Eat, 11 oz; Kodiak Protein-Packed Chocolate Almond Trail Bars, 1.23 oz, 5 Count Cardboard Box"
Kraft Real,5,samsclub/walmart,MAILLE 홀그레인 머스타드; 하인즈 굿마요네즈,"Kraft Real Mayo Creamy & Smooth Mayonnaise, 1 gal, 2 ct.; Kraft Real Mayo Creamy & Smooth Mayonnaise, for a Keto and Low Carb Lifestyle, 30 fl oz Jar; Kraft Real Mayo Mayonnaise Single Serve Packets, 200 ct."
Vaseline Original,5,samsclub,오리히로 과일 곤약젤리; 본마망 무화과잼; LES COMTES DE PROVENCE 멀티베리 스프레드,"Vaseline Original Petroleum Jelly, 2 pk., 13 oz."
Cheez-It Crackers,5,samsclub,완두콩 크래커; 프링글스 오리지널 멀티팩; 덴로쿠 스낵믹스 (개별포장 믹스),"Cheez-It Crackers Summer Mix Variety Pack, 1 oz., 50 pk.; Cheez-It Crackers Pringles Potato Crisps Classic Combo, Variety Pack Snacks, 40 ct."
Quest Protein,5,samsclub/walmart,네이처밸리 프로틴바; 프링글스 사워크림&어니언 멀티팩,"Quest Protein Bar, Chocolate Chip Cookie Dough Flavored, 21g Protein, Gluten Free, 4 Count; Quest Protein Bar, White Chocolate Raspberry, 20g Protein, Gluten Free, 4 Ct; Quest Protein Chips, BBQ and Sour Cream Onion Variety Pack, 1.1 oz., 14 ct."
NESCAFÉ CLÁSICO,5,walmart,스타벅스 다크아메리카노; 네스카페 테이스터스 초이스커피,"NESCAFÉ CLÁSICO Dark Roast Coffee, Instant Coffee, 7 oz, 1 Jar; NESCAFÉ CLÁSICO Decaf Dark Roast Coffee, Instant Coffee, 7 oz, 1 Jar"
GOOD GOOD,5,walmart,LES COMTES DE PROVENCE 딸기잼; 본마망 무화과잼; 페레로 누텔라,"GOOD GOOD Strawberry Jam, No Added Sugar, Low Calorie, Keto Friendly, 12 oz, 2 Pack; GOOD GOOD No Added Sugar Fig Jam, Low Calorie, Keto Friendly, 12 oz, 2 pack; GOOD GOOD Choco Hazelnut Spread with Cocoa, No Added Sugar, 12 oz"
Heinz Organic,5,samsclub/walmart,하인즈 토마토 케찹; 하인즈 유기농 토마토케찹,"Heinz Organic Certified Tomato Ketchup, 44 oz., 2 pk.; Heinz Organic Tomato Ketchup, 2 ct Pack, 44 oz Bottles"
Smucker's Uncrustables,5,samsclub,LES COMTES DE PROVENCE 딸기잼; 오리히로 과일 곤약젤리; 페레로 누텔라,"Smucker's Uncrustables Peanut Butter and Strawberry Jam Sandwiches, Frozen, 2.4 oz., 24 ct.; Smucker's Uncrustables Peanut Butter and Grape Jelly Sandwiches, Frozen, 2.4 oz., 24 ct.; Smucker's Uncrustables Chocolate Flavored Hazelnut Spread Sandwiches, Frozen, 1.8oz, 18pk"
Fruit Roll-Ups,5,samsclub/walmart,후룻 바이 풋,"Fruit Roll-Ups Gluten Free Fruit Flavored Snacks, Variety Pack (10 Rolls); Fruit Roll-Ups Fruit Flavored Snacks, Gluten Free, Variety Pack, 30 Count, 15 oz; Fruit Roll-Ups Fruit Flavored Snacks, Variety Value Pack, 20 Ct, 10 oz"
Lance Variety,5,samsclub,체다치즈 크래커; 완두콩 크래커; NABISCO 리츠 오리지널,"Lance Variety Pack Sandwich Crackers, 40 pk."
Trolli Sour,5,walmart,하리보 스타믹스젤리; 트롤리 사우어 구미; 트롤리 올인원 젤리,"Trolli Sour Brite Crawlers Candy, Cherry-Lemon, Strawberry-Grape & Orange-Lime, Sweet and Sour, Gummy Worms, 14 oz; Trolli Sour Brite Crawlers, Candy, Cherry-Lemon, Strawberry-Grape & Orange-Lime, Sweet and Sour, Gummy Worms, 5 oz"
Welch's Concord,5,samsclub,오리히로 과일 곤약젤리; 본마망 무화과잼; LES COMTES DE PROVENCE 멀티베리 스프레드,"Welch's Concord Grape Jelly, 30 oz., 2 pk."
Ava Organics,4,samsclub/walmart,크리스피 코코넛롤,"Ava Organics Coconut Crispy Rollers Blueberry Gluten-Free (Pack of 8), 2.8 oz; Ava Organics Coconut Crispy Rollers Original Coconut (Pack of 8, 2.8 oz); Ava Organics Coconut Crispy Rollers Pineapple (Pack of 8, 2.8 oz)"
Like Air,4,samsclub/walmart,LIKE AIR 퍼프콘 클래식,"Like Air Puffcorn White Cheddar Flavor 4oz Bags; Like Air Puffcorn Sour Cream & Onion Flavor 4oz Bag; Like Air Puffcorn Variety Pack, 0.5 oz., 30 pk."
Juicy Drop,4,samsclub,DR.Q 과즙젤리 4종; 트롤리 사우어 구미,"Juicy Drop Sour Gel Pens Candy, 24 ct.; Juicy Drop Pop Sour Candy,18 ct."
Primal Kitchen,4,walmart,하인즈 유기농 토마토케찹,"Primal Kitchen Organic and Unsweetened Ketchup 11.3 oz; Primal Kitchen A Tad Sweet Squeeze Ketchup - Sweetened with Honey, 18.5 oz; Primal Kitchen Organic Unsweetened Ketchup, No Cane Sugar or Artificial Sweeteners, 11.3 oz, Pack of 2"
Gushers Fruit,4,walmart,GENERAL MILLS 후르츠거거셔스 젤리,"Gushers Fruit Flavored Snacks, Valentine's Day, Family Pack, 20 Ct, 16 oz; Gushers Fruit Flavored Snacks, Halloween, Watermelon and Sour Apple Flavor, 20 Count, 16 oz; Gushers Fruit Flavored Snacks Variety Pack, Tropical and Strawberry Flavors, 6 Count, 4.8 oz"
Lay's Classic,4,samsclub/walmart,레이즈 클래식,"Lay's Classic Potato Chips, 8 oz Bag; Lay's Classic Potato Chips, Party Size, 13 oz Bag; Lay's Classic Potato Chips, 1 oz., 50 pk."
Fusion Select,4,walmart,S&B생와사비; TENKEI 종합 모나카,"Fusion Select Real Wasabi in Tube 43g - 1pk; Fusion Select Mochi Daifuku Snacks - Traditional Japanese Rice Cakes with Filling - Flavored Asian Sweet Desserts for Family - Chewy and Soft Texture - 35g Each, 6 Pieces per Pack (Lychee); Fusion Select Mochi Daifuku Snacks - Traditional Japanese Rice Cakes with Filling - Flavored Asian Sweet Desserts for Family - Chewy and Soft Texture - 35g Each, 6 Pieces per Pack (Peanut)"
Nutella Hazelnut,4,walmart,페레로 누텔라,"Nutella Hazelnut Spread with Cocoa, Creamy Hazelnut Spread, Breakfast Favorite, 26.5 oz Jar; Nutella Hazelnut Spread with Cocoa, Creamy Hazelnut Spread, Breakfast Favorite, 13 oz Jar; Nutella Hazelnut Spread with Cocoa, Creamy Hazelnut Spread, Breakfast Favorite, 33.5 oz Jar"
S. Rosen's,4,walmart,MENISSEZ 미니 프렌치롤,"S. Rosen's French Rolls, 6 Count, 13.5 oz., Fresh; S. Rosen's French Rolls, 6 Count, 13.5 oz., Fresh | S. Rosen's French Mini Fresh Rolls, 12 Count 23 oz. Package"
Marketside Brioche,4,walmart,MENISSEZ 미니 프렌치롤,"Marketside Brioche Slider Rolls, Shelf-Stable, Regular, 16.9 oz, 12 Count; Marketside Brioche Rolls, 9.88 oz, 8 Count"
Built Bar,4,samsclub,네이처밸리 프로틴바,"Built Bar Puff & Chunk Protein Bars, Variety Pack, 13 ct."
Opopop Microwave,4,walmart,KRACKCORN 카라멜 팝콘; 카라멜팝콘 클래식,Opopop Microwave Popcorn Salty Caramel Flavor 2.8oz/6ct
On The,4,samsclub/walmart,엘로 토티야칩스,"On The Border Cafe Style Tortilla Chips, Gluten-Free, 16.5 oz Bag; On The Border Cafe Tortilla Chips, 23.5 oz."
Takis Fuego,4,samsclub/walmart,엘로 토티야칩스,"Takis Fuego 9.9 oz Sharing Size Bag, Hot Chili Pepper & Lime Rolled Tortilla Chips; Takis Fuego Rolled Tortilla Chips, 1 oz., 46 pk."
Tostitos Restaurant,4,samsclub/walmart,엘로 토티야칩스,"Tostitos Restaurant Style Original Tortilla Chips, 17 oz Party Size Bag; Tostitos Restaurant Style Tortilla Chips, 18.63 oz."
Caramel Chocolatey,4,walmart,KRACKCORN 카라멜 팝콘; 카라멜팝콘 클래식,"Caramel Chocolatey Swirl Flavored Popped Corn, 8 Ounces Bag."
CRUNCH 'N,4,walmart,KRACKCORN 카라멜 팝콘; 카라멜팝콘 클래식,"CRUNCH 'N MUNCH Caramel Popcorn with Peanuts, 12 oz."
Lea &,4,samsclub,이금기 프리미엄 굴소스; A1스테이크소스,"Lea & Perrins The Original Worcestershire Sauce, 20 oz., 2 pk."
Tostitos Scoops!,4,samsclub/walmart,엘로 토티야칩스,"Tostitos Scoops! Party Size Tortilla Chips, 14.5 oz Bag; Tostitos Scoops! Original Tortilla Chips, 16.125 oz."
Reese's Milk,4,walmart,스니커즈 땅콩 펀사이즈,"Reese's Milk Chocolate Peanut Butter Cups Candy Packs, 1.5 oz (6 Count); Reese's Milk Chocolate King Size Peanut Butter Cups Candy, Pack 2.8 oz; Reese's Milk Chocolate Snack Size Peanut Butter Cups Candy, Bag 10.5 oz"
Simply Potatoes,4,samsclub/walmart,MCCAIN 해쉬브라운 감자,"Simply Potatoes Shredded Hash Browns, 20 oz Bag (Refrigerated); Simply Potatoes Shredded Hash Browns, 20 oz., 2 ct."
Pop Secret,4,walmart,KRACKCORN 카라멜 팝콘; 카라멜팝콘 클래식,"Pop Secret Popcorn, Sweet 'n Crunchy Caramel Microwave Popcorn, 2.64 oz Bags, 3 Ct"
Gushers Strawberry,4,samsclub,하리보 푸르티부시; GENERAL MILLS 후르츠 롤업 젤리; GENERAL MILLS 후르츠거거셔스 젤리,"Gushers Strawberry & Tropical Variety Pack Snacks, 0.8 oz., 42 pk."
Skittles Gummies,4,samsclub,하리보 푸르티부시; 트롤리 사우어 구미; 하리보 메가 파티 젤리,"Skittles Gummies Variety Pack Gummy Candy, 37.8 oz.; Skittles Gummies Sour Gummy Candy, Share Size, 15 pk."
BUBS Swedish,4,samsclub,하리보 푸르티부시; DR.Q 과즙젤리 4종; 하리보 메가 파티 젤리,"BUBS Swedish Candy Variety Mix Gummy Candy, 21 oz."
Crystal Light,4,samsclub,JUVER 레몬에이드,"Crystal Light Variety Pack Drink Mix Packets 60 pk.; Crystal Light Lemonade Mix, 16 pk."
Mott's Assorted,4,samsclub/walmart,하리보 푸르티부시; GENERAL MILLS 후르츠 롤업 젤리,"Mott's Assorted Fruit Flavored Snacks, 0.8 oz., 90 pk.; Mott's Assorted and Berry Fruit Flavored Snacks, Made with Real Fruit Puree (22 Pack)"
Classico Signature,4,walmart,데체코 바질페스토,"Classico Signature Recipes Traditional Basil Pesto Sauce & Spread, 8.1 oz Jar; Classico Signature Recipes Traditional Basil Pesto Sauce & Spread, 8.1 oz. Jar ( PACK F 2 )"
Club Crackers,4,samsclub,완두콩 크래커; NABISCO 리츠 오리지널; 덴로쿠 스낵믹스 (개별포장 믹스),"Club Crackers Snack Stacks, 2.08 oz., 24 pk."
JOLLY RANCHER,4,samsclub/walmart,하리보 푸르티부시; DR.Q 과즙젤리 4종; 하리보 메가 파티 젤리,"JOLLY RANCHER Original Fruit Flavored Hard Candy Bag, 7 oz., 12 ct.; JOLLY RANCHER Gummies Tropical Fruit Flavored Candy Bag, 13 oz"
WILDE Protein,4,samsclub,완두콩 크래커; NABISCO 리츠 오리지널; 덴로쿠 스낵믹스 (개별포장 믹스),"WILDE Protein Crackers Classic Cheddar, 7.4 oz."
Capri Sun,4,samsclub,JUVER 사과주스; TIPCO 오렌지자몽주스 (착즙),"Capri Sun 100% Juice Variety Pack, 6 fl. oz. pouches, 40 pk.; Capri Sun Variety Pack 6 fl. oz. pouches, 40 pk."
Skippy Creamy,4,samsclub,본마망 무화과잼; 스키피 크리미 땅콩버터; LES COMTES DE PROVENCE 멀티베리 스프레드,"Skippy Creamy Peanut Butter Spread, 48 oz., 2 pk."
Crunch 'n,4,walmart,KRACKCORN 카라멜 팝콘; 카라멜팝콘 클래식,"Crunch 'n Munch Caramel Popcorn with Peanuts, 6 oz."
Zbar Soft,4,samsclub,네이처밸리 프로틴바; 퀘이커 심플리그래놀라,"Zbar Soft Baked Organic Granola Snack Bars, Variety Pack, 36 pk."
Quest Tortilla,4,samsclub,엘로 토티야칩스; 도리토스 나초칩,"Quest Tortilla Style 18-20g Protein Chip Variety Pack, Chili Lime and Nacho Cheese 14 ct.; Quest Tortilla Style 18-19g Protein Chip Variety Pack, Nacho Cheese & Ranch, 14 ct."
AirHeads Variety,4,samsclub,하리보 스타믹스젤리; 하리보 메가 파티 젤리; 트롤리 올인원 젤리,"AirHeads Variety Pack, 0.55 oz., 90 pk."
Papa Palermo,4,walmart,OTTAVIO 포도씨유; 본마망 무화과잼,"Papa Palermo Grapeseed Oil for Cooking, 32 fl oz, Plastic Bottle; Papa Palermo Fig Jam & Preserves, Gourmet Spread, 13.10 oz Glass Jar"
"McCrum 3/8""",4,samsclub,CP 통새우완탕; CAVENDISH 크리스피 스파이시; CAVENDISH 스트레이트컷 감자,"McCrum 3/8"" Long Straight Cut French Fries 30 lbs."
SOUR PUNCH,4,samsclub,하리보 스타믹스젤리; 트롤리 사우어 구미; 트롤리 올인원 젤리,"SOUR PUNCH Rainbow Straws, Chewy Candy, 2 oz., 24 ct."
Parade Cotton,4,samsclub,하리보 스타믹스젤리; DR.Q 과즙젤리 4종; 트롤리 올인원 젤리,"Parade Cotton Candy, 2 oz., 12 pk."
Werther's Original,4,walmart,KRACKCORN 카라멜 팝콘; 카라멜팝콘 클래식,"Werther's Original Caramel Popcorn, Classic Caramel, 5.29 oz"
EVERYDAZE with,4,walmart,오리히로 과일 곤약젤리,"EVERYDAZE with BT21: Essential Cs Konjac Jelly  Lychee, Box of 10 Packs; EVERYDAZE with BT21: Essential Cs Konjac Jelly  Korean Pear, Box of 10 Packs"
Heinz 57,4,samsclub/walmart,A1스테이크소스,"Heinz 57 Sauce, 10 oz Bottle; Heinz 57 Sauce, 20 oz., 2 pk."
Miracle Whip,4,samsclub,MAILLE 홀그레인 머스타드,"Miracle Whip Original Mayo-like Dressing, 1 gal.; Miracle Whip Original Mayo-Like Dressing, 30 fl. oz., 2 pk."
French's 100%,4,samsclub,MAILLE 홀그레인 머스타드,"French's 100% Natural Classic Yellow Mustard, 30 oz., 2 pk.; French's 100% Natural Classic Yellow Mustard, 105 oz."
Macaron Bites,4,walmart,PM SWEET 36 마카롱,"Macaron Bites Assorted French Macaron Cookies, 24 Count; Macaron Bites Assorted French Macarons, 24 Count"
Everydaze Essential,4,walmart,오리히로 과일 곤약젤리,"Everydaze Essential Cs Konjac Jelly, Peach, Box of 10 Packs; Everydaze Essential Cs Konjac Jelly, Watermelon, Box of 10 Packs"
HONEY MAID,4,walmart,MISURA 통밀 크래커,"HONEY MAID Graham Crackers, Lunch Snacks, 14.4 oz; HONEY MAID Fresh Stacks Graham Crackers, Travel Snacks, 12.2 oz (6 Multi Snack Packs)"
NESCAFÉ Taster's,4,walmart,스타벅스 다크아메리카노; 네스카페 테이스터스 초이스커피,"NESCAFÉ Taster's Choice French Roast, Dark Roast Coffee, Instant Coffee, 7 oz, 1 Jar; NESCAFÉ Taster's Choice House Blend, Light Medium Roast Instant Coffee, 1 Box, 6 Packets; NESCAFÉ Taster's Choice House Blend, Light Medium Roast Instant Coffee, 7 oz, 1 Jar"
ChocCart Dubai,4,walmart,EMMI 이탈리안 티라미슈,"ChocCart Dubai Chocolate Bar  Premium Tiramisu Cream & Crispy Kunafa Filling, Viral Knafeh Style Luxury Gift Box, 3.35 oz(12 Pack); ChocCart Dubai Chocolate Bar  Premium Tiramisu Cream & Crispy Kunafa Filling, Viral Knafeh Style Luxury Gift Box, 3.35 oz(6 Pack)"
Magic Spoon,4,samsclub/walmart,MISURA 프로틴 플레이크,"Magic Spoon Fruity Protein Cereal, 7 oz; Magic Spoon Fruity Cereal, 14 oz."
Terry Ho's,4,samsclub/walmart,A1스테이크소스,"Terry Ho's Yum Yum Sauce, Reduced Calorie, 16 fl oz; Terry Ho's Original Yum Yum Sauce, 32 oz."
Kinder's Gold,4,samsclub/walmart,A1스테이크소스; 이금기 프리미엄 굴소스,"Kinder's Gold Label Sweet Honey BBQ Sauce for Meat and Vegetables, 15.7 oz Bottle; Kinder's Gold Label BBQ Sauce Variety Pack, 15.7 oz., 2 pk."
Simple Mills,4,walmart,체다치즈 크래커; 완두콩 크래커,"Simple Mills Almond Flour Crackers, Farmhouse Cheddar Gluten-Free Crackers, 4.25 oz; Simple Mills Veggie Flour Pita Crackers, Himalayan Salt, Gluten-Free Crackers, 4.25 oz"
Hapi Snacks,4,walmart,KASUGAI 와사비콩 스낵 (그린피스+잠두),"Hapi Snacks Wasabi Peas, Hot, Shelf-Stable, Gluten-Free, 9.9 oz; Hapi Snacks Hot Wasabi Flavored Green Peas, 4.23 oz Pouch"
Goldfish Flavor,4,walmart,체다치즈 크래커,"Goldfish Flavor Blasted Xtra Cheddar Cheese Crackers, 6.6 oz Bag; Goldfish Flavor Blasted Xtra Cheddar Cheese Crackers, 27.3 oz Carton"
Dole 100%,4,samsclub/walmart,TIPCO 파인애플주스 (착즙),"Dole 100% Chilled Pineapple Juice, 52 Oz; Dole 100% Pineapple Juice, 8 fl. oz., 24 pk."
(6 pack),4,walmart,TIPCO 파인애플주스 (착즙); 크리스피롤 12곡; S&B 골든카레 (중간맛/매운맛),"(6 pack) Dole Light Pineapple Juice Drink with No Added Sugar^^, 46 fl oz Can; (6 pack) Peter DeBeukelear Creme De Pirouline Rolled Wafers, French Vanilla, 14 Oz Tins, Pack of 6; (6 pack) S&B Golden Curry Sauce Mix, Medium Hot, 3.2 Oz"
R.W. Knudsen,4,walmart,TIPCO 파인애플주스 (착즙); TIPCO 오렌지자몽주스 (착즙),"R.W. Knudsen Family Organic Juice Pineapple, 32.0 FL OZ; R.W. Knudsen Family Organic Grapefruit Juice, 32 oz, Glass Bottle, Shelf-Stable"
Kellogg's Special,4,walmart,MISURA 프로틴 플레이크; GENERAL MILLS 골든그레이엄; GENERAL MILLS 시나몬토스트크런치,"Kellogg's Special K Protein Touch of Cinnamon Breakfast Cereal, 10g Protein and 6g Fiber, Family Size, 17.5  oz; Kellogg's Special K Red Berries Breakfast Cereal, Good Source of Fiber, 11.4  oz"
Love Crunch,4,walmart,퀘이커 심플리그래놀라,"Love Crunch Organic Granola, Dark Chocolate & Red Berries, 11.5oz Pouch; Love Crunch Organic Granola, Dark Chocolate & Peanut Butter, 11.5oz Pouch"
Smucker's Seedless,4,walmart,LES COMTES DE PROVENCE 딸기잼,"Smucker's Seedless Strawberry Jam, 18 oz; Smucker's Seedless Strawberry Jam, 12 Ounces"
Just Bare,4,samsclub/walmart,CP 플레이밍 치킨 텐더,"Just Bare Fully Cooked Lightly Breaded Chicken Breast Strips 1.5 lb, 16g of Protein, Serving Size 2 Pieces; Just Bare Lightly Breaded Chicken Breast Original Strips, Frozen, 3 lbs."
"Smarties Squashies,",3,walmart,하리보 스타믹스젤리; 트롤리 올인원 젤리,"Smarties Squashies, 5 Ounce Bag, Allergen Free Gummy Candy"
Fruit by,3,walmart,후룻 바이 풋,"Fruit by the Foot Gluten Free Berry and Strawberry Fruit Flavored Snacks (12 Rolls); Fruit by the Foot Fruit Flavored Snacks, Berry Tie-Dye, 4.5 oz, 6 Count; Fruit by the Foot Gluten Free Fruit Flavored Snacks, Made with Real Fruit Puree (18 Count)"
S&B Golden,3,walmart,S&B 골든카레 (중간맛/매운맛),"S&B Golden Curry Mild Japanese Curry Mix, 3.2 oz, 1 count Box; S&B Golden Curry Sauce Mix, Hot, 3.2 oz., Powder, Contains Wheat; S&B Golden Curry Mix -Medium Hot 220g"
Ruffles Potato,3,walmart,프링글스 오리지널 멀티팩; 프링글스 사워크림&어니언 멀티팩,"Ruffles Potato Chips Cheddar & Sour Cream Flavored Snack Chips, 8 Ounce Bag; Ruffles Potato Chips Sour Cream & Onion Flavor Snack Chips, 8 ounce Bag"
Jif Extra,3,samsclub/walmart,스키피 크런치 땅콩버터,"Jif Extra Crunchy Peanut Butter, 16-Ounce Jar; Jif Extra Crunchy Peanut Butter, 40-oz Jar; Jif Extra Crunchy Peanut Butter, 48 oz., 2 pk."
JOYRIDE Assorted,3,samsclub,DR.Q 과즙젤리 4종; 트롤리 사우어 구미; 하리보 메가 파티 젤리,"JOYRIDE Assorted Candy Box, Sour Blue Raspberry Strips & Cherry Berry Ropes, 10ct., 1.7 oz."
M&M's Peanut,3,walmart,스니커즈 땅콩 펀사이즈,"M&M's Peanut Milk Chocolate Candy Sharing Size - 10.05 oz Bag; M&M's Peanut Milk Chocolate Candy Theater Box - 3.1 oz Box; M&M's Peanut Butter Chocolate Candy, Family Size - 17.2 oz Bulk Bag"
HARIBO Twin,3,walmart,하리보 스타믹스젤리; 트롤리 올인원 젤리,"HARIBO Twin Snakes Gummies Original Sweet and Sour Assorted Fruit Flavor Gummy Candy, 4 oz, Share Size Peg Bag"
M&M'S Peanut,3,samsclub,스니커즈 땅콩 펀사이즈,"M&M'S Peanut Milk Chocolate Candy, 62 oz.; M&M'S Peanut Milk Chocolate Candy, Singles Size, 1.74 oz., 48 pk.; M&M'S Peanut Butter Milk Chocolate Candy, 55 oz."
LaCroix Sparkling,3,samsclub,TENKEI 종합 모나카,"LaCroix Sparkling Water Pure, 12 fl. oz., 24 pk.; LaCroix Sparkling Water Variety Pack 12 fl. oz., 24 pk.; LaCroix Sparkling Water Key Lime Variety Pack 12 fl. oz., 24 pk."
Nescafé Instant,3,samsclub,스타벅스 미디엄 아메리카노; 네스카페 테이스터스 초이스커피,"Nescafé Instant Coffee, Gold Espresso Blonde, 7 oz."
Rapid Fire,3,samsclub,스타벅스 미디엄 아메리카노; 네스카페 테이스터스 초이스커피,"Rapid Fire Mushroom Instant Coffee, French Roast, 15.87 oz."
Welch's Mixed,3,samsclub,하리보 푸르티부시; GENERAL MILLS 후르츠 롤업 젤리,"Welch's Mixed Fruit Fruit Snack, 0.8 oz, 90 pk."
Crofters Organic,3,samsclub,본마망 4프루츠잼; LES COMTES DE PROVENCE 멀티베리 스프레드,"Crofters Organic Triple Berry Fruit Spread, 28 oz."
MadeGood Mixed,3,samsclub,퀘이커 심플리그래놀라; 스니커즈 미니스,"MadeGood Mixed Berry & Chocolate Chip Granola Minis, 24 pk."
Oats Overnight,3,samsclub,MISURA 프로틴 플레이크; GENERAL MILLS 시나몬토스트크런치,"Oats Overnight High Protein Oatmeal Shake Variety Pack, 8 pk.; Oats Overnight Oatmeal, Cinnamon Roll, 6 ct."
Crofter’s Organic,3,walmart,본마망 4프루츠잼; LES COMTES DE PROVENCE 멀티베리 스프레드,"Crofter’s Organic Berry Harvest Premium Fruit Spread, 16.5 oz"
"Heinz Ketchup,",3,samsclub,하인즈 토마토 케찹; 하인즈 굿마요네즈,"Heinz Ketchup, Mustard & Mayo Classic Condiment Variety Pack, 3 pk."
Prego Traditional,3,samsclub/walmart,이금기 프리미엄 굴소스; RAGU 토마토 파스타소스,"Prego Traditional Italian Sauce, 45 oz., 3 pk.; Prego Traditional Pasta Sauce, 24 oz Jar"
Totino's Pepperoni,3,samsclub,CP 통새우완탕; CAVENDISH 크리스피 스파이시,"Totino's Pepperoni Pizza Rolls, Frozen, 160 ct."
Nerds Gummy,3,samsclub,하리보 스타믹스젤리; 트롤리 올인원 젤리,"Nerds Gummy Clusters Candy, Share Size, 3 oz., 12 pk."
"Airheads Xtremes,",3,samsclub,하리보 스타믹스젤리; 트롤리 올인원 젤리,"Airheads Xtremes, 2 oz., 18 pk."
Special K,3,samsclub,네이처밸리 프로틴바; GENERAL MILLS 골든그레이엄,"Special K Pastry Crisp Bars, Variety Pack, 60 ct."
Ore-Ida Dino,3,samsclub,CP 통새우완탕; CAVENDISH 크리스피 스파이시,"Ore-Ida Dino Tater Tots, Frozen, 5 lbs."
Starburst Original,3,samsclub,하리보 스타믹스젤리; 트롤리 올인원 젤리,"Starburst Original Fruity Chewy Candy, Full Size, 2.07 oz., 36 ct."
Frankford Super,3,samsclub,하리보 스타믹스젤리; 트롤리 올인원 젤리,"Frankford Super Mario Easter Eggs with Fruity Chewy Candy, 100 ct."
Prego Italian,3,walmart,RAGU 토마토 파스타소스; AGROMONTE 토마토 파스타 소스,"Prego Italian Tomato Pasta Sauce with Roasted Garlic & Herbs, 24 oz Jar; Prego Italian Tomato Pasta Sauce Flavored with Meat, 24 oz Jar; Prego Italian Tomato Sauce with Basil & Garlic, 24 oz Jar"
Mezzetta Family,3,walmart,RAO'S 마리나라소스; AGROMONTE 토마토 파스타 소스,"Mezzetta Family Recipes Spicy Marinara 24 fl oz Jar; Mezzetta Family Recipes Tomato Basil Sauce, 25 oz Jar"
Carbone Fine,3,walmart,RAO'S 마리나라소스; AGROMONTE 토마토 파스타 소스,"Carbone Fine Foods Marinara Sauce, 24 oz; Carbone Fine Foods Tomato Basil Sauce, 24 oz"
Tropical Fields,3,walmart,크리스피 코코넛롤,Tropical Fields Organic Crispy Coconut Rolls (11 Ounce); Tropical Fields Crispy Coconut Rolls 2.1 oz (2 Pack)
Cinnamon Toast,3,samsclub/walmart,GENERAL MILLS 시나몬토스트크런치; GENERAL MILLS 골든그레이엄,"Cinnamon Toast Crunch Breakfast Cereal, Crispy Cinnamon Cereal, Mega Size, 27 oz; Cinnamon Toast Crunch Cereal, 49.5 oz."
Honey Nut,3,samsclub/walmart,GENERAL MILLS 골든그레이엄,"Honey Nut Cheerios, Heart Healthy Gluten Free Breakfast Cereal, 10.8 oz; Honey Nut Cheerios, Heart Healthy Gluten Free Breakfast Cereal, Mega Size, 27.2 oz; Honey Nut Cheerios Cereal, 48 oz."
CLIF BUILDERS,3,samsclub/walmart,네이처밸리 프로틴바; NABISCO 오레오쿠키,"CLIF BUILDERS Protein Bars Chocolatey Peanut Butter Flavor, Plant Protein, Gluten Free Bars, 6ct; CLIF BUILDERS Protein Bars OREO-Flavored, 2.4 oz., 15 pk."
Turano Mini,2,walmart,MENISSEZ 미니 프렌치롤,Turano Mini French Rolls The Original
Aunt Millie's,2,walmart,MENISSEZ 미니 프렌치롤,"Aunt Millie's French Sub Rolls, 6 Ct., 16 oz."
BEAR Fruit,2,samsclub/walmart,후룻 바이 풋,"BEAR Fruit Rolls Variety Pack Straw/Rasp 8.4oz, No Added Sugar, Non-GMO, 12 count; BEAR Fruit Rolls Variety Pack, 0.7 oz., 22 pk."
Kellogg's Froot,2,walmart,GENERAL MILLS 골든그레이엄,"Kellogg's Froot Loops Original Breakfast Cereal, Good Source of Fiber, Family Size, 16.6  oz; Kellogg's Froot Loops Original Breakfast Cereal, Good Source of Fiber, Mega Size, 24.7  oz"
Lay's Wavy,2,walmart,레이즈 클래식,"Lay's Wavy Original Potato Chips, Party Size, 13 oz Bag; Lay's Wavy Potato Chips, Original Flavor, 7.75 oz Bag"
Lay's Sour,2,samsclub/walmart,레이즈 클래식; 프링글스 사워크림&어니언 멀티팩,"Lay's Sour Cream & Onion Flavor Potato Chips, 7.75 oz Bag; Lay's Sour Cream & Onion Potato Chips, 15.25 oz."
Tyson Honey,2,walmart,CP 플레이밍 치킨 텐더,"Tyson Honey Battered Breast Tenders, 25.5 oz (Frozen, Fully Cooked)"
Wan Ja,2,walmart,이금기 프리미엄 굴소스,"Wan Ja Shan Vegetarian Oyster Sauce, 33.8 Fl oz"
Ka-Me Oyster,2,walmart,이금기 프리미엄 굴소스,"Ka-Me Oyster Sauce, 7.1 Fz"
Kikkoman Gluten-Free,2,walmart,이금기 프리미엄 굴소스,Kikkoman Gluten-Free No Preservatives Added Oyster Sauce
Applegate Natural,2,walmart,CP 플레이밍 치킨 텐더,"Applegate Natural Gluten-Free Breaded Chicken Breast Tenders, 16oz (Frozen)"
Banquet Mega,2,walmart,CP 플레이밍 치킨 텐더,"Banquet Mega Chicken Tenders, Original Crispy Breaded White Meat Chicken, Fully Cooked Frozen Chicken, Air Fryer Ready, 16g Protein per Serving, 22 oz"
Marketside Antibiotic-Free,2,walmart,CP 플레이밍 치킨 텐더,"Marketside Antibiotic-Free Raw Chicken Breast Tenderloins, 1.15 - 1.65 lb"
Realgood Foods,2,walmart,CP 플레이밍 치킨 텐더,"Realgood Foods Co. Lightly Breaded Chicken Breast Strips, Gluten-Free, 20 oz Regular Bag (Frozen)"
Marketside Shrimp,2,walmart,CP 통새우완탕,"Marketside Shrimp Potstickers with Garlic Chili Rayu Glaze, 5.6 oz (Refrigerated)"
High Liner,2,walmart,카네후쿠 짜먹는 명란젓갈,High Liner Fish-In-A-Minute Breaded Rectangle Alaskan Pollock (PACK OF 10LBS); High Liner Fishery Alaskan Pollock Fillet (PACK OF 10LBS)
RAGÚ Kettle,2,walmart,RAO'S 마리나라소스,"RAGÚ Kettle Cooked Marinara Sauce, Pasta Sauce, 24 oz"
Prego Marinara,2,walmart,RAO'S 마리나라소스,"Prego Marinara Sauce, 23 oz Jar"
Tyson Frozen,2,walmart,CP 플레이밍 치킨 텐더,"Tyson Frozen Crispy Chicken Breast Strips, 25 oz, 13g Protein per Serving (Fully Cooked)"
(8 pack),2,walmart,RAGU 토마토 파스타소스,"(8 pack) Great Value Traditional Pasta Sauce, 24 oz; (8 pack) Great Value Tomato Sauce, 15 oz"
Pommery Meaux,2,walmart,MAILLE 홀그레인 머스타드,"Pommery Meaux Mustard Stone Jar, 17.6-Ounce"
Bookbinders Stone,2,walmart,MAILLE 홀그레인 머스타드,Bookbinders Stone Ground Whole Grain Mustard
Silver Spring,2,walmart,MAILLE 홀그레인 머스타드,Silver Spring Old Style Whole Grain Mustard  9.25 Oz (2 Pack)
Eden Foods,2,walmart,MAILLE 홀그레인 머스타드,Eden Foods Organic Brown Mustard 9 oz
Smuckers Strawberry,2,walmart,LES COMTES DE PROVENCE 딸기잼,"Smuckers Strawberry Jam, 30 oz Jar"
Chobani Creations,2,walmart,EMMI 이탈리안 티라미슈,Chobani Creations Mocha Tiramisu Greek Yogurt 5.3 oz Cup
bettergoods Tiramisu,2,walmart,EMMI 이탈리안 티라미슈,"bettergoods Tiramisu Flavored Crispy Protein Bars, 9.7 oz, 5 Count"
Marketside Tiramisu,2,walmart,EMMI 이탈리안 티라미슈,"Marketside Tiramisu Layer Cake, 6.28 oz (Refrigerated)"
Black Forest,2,walmart,하리보 푸르티부시,"Black Forest Juicy Burst Fruit Flavored Snacks, Mixed Fruit Flavors, 0.8 oz, 22 Count"
Bluey Fruit,2,walmart,하리보 푸르티부시,"Bluey Fruit Flavored Snacks, Gluten Free Gummies, Assorted Pouches (22 Count)"
Golden Coconut,2,walmart,PM SWEET 36 마카롱,"Golden Coconut Macaroons Traditional Recipe with Crispy Exterior & Chewy Center Sweet Tropical Flavor with Toasted Coconut Gluten-Free, Kosher Certified Perfect for Gifting, Holidays & Dessert 8 oz"
Yum!Brew Instant,2,walmart,스타벅스 미디엄 아메리카노,Yum!Brew Instant Americano Coffee  Freeze-Dried Arabica from Yunnan | 12 Single Servings | Bold & Smooth | Hot or Cold Brew | No Sugar | Low Calorie | Travel-Friendly Mini Pods
Tesco Finest,2,walmart,스타벅스 미디엄 아메리카노,"Tesco Finest Americano Barista Style Instant Coffee 100g, Imported from Britain"
M&S Americano,2,walmart,스타벅스 미디엄 아메리카노,"M&S Americano Instant Coffee 100g, British Import (Pack of 2)"
Azera Americano,2,walmart,스타벅스 미디엄 아메리카노,Azera Americano 90g (pack of 6)
DeLallo Instant,2,walmart,스타벅스 다크아메리카노,"DeLallo Instant Espresso Powder for Baking & Drinks, 100% Instant Coffee, Naturally Caffeinated, 1.94 oz Jar"
Cafe Bustelo,2,walmart,스타벅스 다크아메리카노,"Cafe Bustelo Espresso Ground Coffee, Dark Roast, 10 oz Can"
NESCAF Gold,2,walmart,스타벅스 다크아메리카노,"NESCAF Gold Espresso Intense, Instant Coffee, 3.5 oz"
Starbucks Premium,2,walmart,스타벅스 다크아메리카노,"Starbucks Premium Instant Coffee, Dark Roast Coffee, Arabica Beans, 3.17 oz"
NESCAF Caf,2,walmart,스타벅스 다크아메리카노,"NESCAF Caf de Olla, Cinnamon Flavored Instant Coffee, 6.7 oz, 1 Jar"
Tastelli Double,2,walmart,오리히로 과일 곤약젤리,"Tastelli Double Berry Konjac Jelly Infused with Collagen | Gluten Free, Sugar Free, Low Calorie | Vegan Drinkable Fruit Jelly Snack  | 10 Pouches"
Tastelli Apple,2,walmart,오리히로 과일 곤약젤리,"Tastelli Apple Green Grape Konjac Jelly Infused with Collagen | Gluten Free, Sugar Free, Low Calorie | Vegan Drinkable Fruit Jelly Snack | 150mL x 10 Pouches"
Torani Tiramisu,2,walmart,EMMI 이탈리안 티라미슈,Torani Tiramisu Syrup
DeLallo Tiramisu,2,walmart,EMMI 이탈리안 티라미슈,"DeLallo Tiramisu Kit, No-Bake Dessert Mix, 7.8 oz Box"
Texas Pete,2,walmart,타바스코핫소스,"Texas Pete Original Hot Sauce, 12 fl oz, Gluten-Free, Vegan, Kosher"
Laoganma Spicy,2,walmart,타바스코핫소스,"Laoganma Spicy Chili Crisp Sauce, 7.41 Fl Oz"
Valentina Mexican,2,walmart,타바스코핫소스,"Valentina Mexican Hot Sauce, 34 fl oz"
Huy Fong,2,walmart,타바스코핫소스,"Huy Fong Sriracha Hot Chili Sauce, 9oz Bottle"
Frank's RedHot,2,walmart,타바스코핫소스,"Frank's RedHot Kosher Original Cayenne Pepper Hot Sauce, 5.0 fl oz Bottle"
(10 pack),2,walmart,MISURA 프로틴 플레이크,"(10 pack) Kashi GO Peanut Butter Crunch Protein Cereal, 10g Protein, 16.9 oz"
NESCAF CLSICO,2,walmart,스타벅스 다크아메리카노,"NESCAF CLSICO Dark Roast Coffee, Instant Coffee, 10.5 oz, 1 Jar"
"Goldfish Crackers,",2,walmart,체다치즈 크래커,"Goldfish Crackers, Flavor Blasted Xtra Cheddar Crackers, Family Size, 10 oz Bag"
Kinder's Sweet,2,walmart,A1스테이크소스,"Kinder's Sweet Heat BBQ Sauce for Meat and Vegetables, 15.5 oz Bottle"
Country Bob’s,2,walmart,A1스테이크소스,"Country Bob’s All Purpose Sauce, The Original, 13 oz Bottle, No Allergens"
A.1. Thick,2,walmart,A1스테이크소스,"A.1. Thick & Hearty Sauce, 10 oz. Bottle"
IQBAR Plant,2,samsclub,네이처밸리 프로틴바,"IQBAR Plant Protein Bar Variety Pack, 12 pk."
Ragu Old,2,samsclub,RAO'S 마리나라소스,"Ragu Old World Style Traditional Pasta Sauce, 45 oz., 3 pk."
Jennies Coconut,2,walmart,PM SWEET 36 마카롱,"Jennies Coconut Macaroons, 8 Oz"
"Macaron Bites,",2,walmart,PM SWEET 36 마카롱,"Macaron Bites, Macarons - Mixed Box of 12"
Vanilla Macaron,2,walmart,PM SWEET 36 마카롱,Vanilla Macaron Cookies Gift Box - 24 Count
Assorted Macaron,2,walmart,PM SWEET 36 마카롱,Assorted Macaron Cookies Gift Box - 24 Count
FirstChoiceCandy Rice,2,walmart,완두콩 크래커,"FirstChoiceCandy Rice Crackers With Green Peas, Oriental Rice Cracker - 2 Pound"
Trader Joes,2,walmart,완두콩 크래커,"Trader Joes Rice Crackers Medley  Spicy & Savory Asian Snack Mix with Soy Sauce, Chili, Salt & Vinegar, and Green Peas, 8 oz Bag (2-Pack)"
Shirakiku Hot,2,walmart,완두콩 크래커,"Shirakiku Hot Mate Japanese JMS2Rice Cracker | Oriental Asian Arare Rice Crackers with Glutinous Rice, Wasabi Green Peas, and Soy Sauce | Mixed Flavor, 16 oz. (Pack of 1)"
GOOD THINS,2,walmart,완두콩 크래커,"GOOD THINS Garden Veggie Rice Snacks Gluten Free Crackers, Snack Crackers, 3.5 oz"
RITZ Hint,2,walmart,완두콩 크래커,"RITZ Hint of Salt Crackers, Snacks for Kids and Adults, Lunch Snacks, 13.7 oz"
RITZ Toasted,2,walmart,완두콩 크래커,"RITZ Toasted Chips Veggie Crackers, Party Snacks, 8.1 oz"
Formaggio Cheese,2,walmart,EURO POMELLA 부라타치즈,"Formaggio Cheese Marinated Mozzarella Balls in Oil with Herbs and Spices, 12 oz"
BelGioioso Freshly,2,walmart,EURO POMELLA 부라타치즈,"BelGioioso Freshly Shredded 4-Cheese Blend, Asiago, Fontina, Parmesan & Provolone, 4  oz"
GHOST PROTEIN,2,walmart,MISURA 프로틴 플레이크,"GHOST PROTEIN CEREAL, LUCKY CHARMS Flavor, 17G Protein, 9.4 oz"
Honey Bunches,2,walmart,MISURA 프로틴 플레이크,Honey Bunches of Oats Protein Honey & Almond Cereal - 15 oz
Purely Elizabeth,2,walmart,퀘이커 심플리그래놀라,"Purely Elizabeth Organic Ancient Grain Granola, Original, 10 oz Bag"
Juicy Juice,2,walmart,JUVER 사과주스,"Juicy Juice 100% Juice, Apple, 64 fl oz Bottle"
Tree Top,2,walmart,JUVER 사과주스,"Tree Top 100% Apple Juice, No Sugar Added, No High Fructose Corn Syrup, 64 fl Oz"
Snapple Apple,2,walmart,JUVER 사과주스,"Snapple Apple Juice Drink, 16 fl oz, 6 Count Bottles"
Simply Apple,2,walmart,JUVER 사과주스,"Simply Apple Juice Bottle, 52 fl oz"
Tastelli Mango,2,walmart,오리히로 과일 곤약젤리,"Tastelli Mango Pineapple Konjac Jelly Infused with Collagen & Vitamin C | Gluten Free, Sugar Free, Low Calorie | Vegan Drinkable Fruit Jelly Snack | 150mL x 10 Pouches"
Tastelli Lychee,2,walmart,오리히로 과일 곤약젤리,"Tastelli Lychee  Konjac Jelly Infused with Collagen & Vitamin C | Gluten Free, Sugar Free, Low Calorie | Vegan Drinkable Fruit Jelly Snack | 150mL x 10 Pouches"
HeySweet Coffee,2,walmart,오리히로 과일 곤약젤리,"HeySweet Coffee Jelly - Vegan, Dye-Free, Halal | Brown Sugar Konjac Jel Dessert (8 Cubes)"
Everydaze Sweet,2,walmart,오리히로 과일 곤약젤리,"Everydaze Sweet Jelly C Konjac Jelly, Grape, Box of 10 Packs"
Toasteds Flatbreads,2,walmart,완두콩 크래커,"Toasteds Flatbreads Italian Herb Crackers, Party Snacks, 8.7 oz"
Ready Protein,2,samsclub,네이처밸리 프로틴바,"Ready Protein Bar, Variety Pack, 20 ct."
Doritos Cool,2,samsclub,엘로 토티야칩스,"Doritos Cool Ranch Tortilla Chips, 18.38 oz."
Fritos Scoops!,2,samsclub,엘로 토티야칩스,"Fritos Scoops! Corn Chips, 18.125 oz."
Tyson Crispy,2,samsclub,CP 플레이밍 치킨 텐더,"Tyson Crispy Chicken Breast Strips, Frozen, 3.5 lbs."
Country Pride,2,samsclub,CP 플레이밍 치킨 텐더,"Country Pride Breaded Chicken Breast Tenders, Frozen, 5 lbs."
Real Good,2,samsclub,CP 플레이밍 치킨 텐더,"Real Good Foods Lightly Breaded Chicken Breast Chunks, Frozen, 3 lbs."
Tyson Lightly,2,samsclub,CP 플레이밍 치킨 텐더,"Tyson Lightly Breaded Spicy Buffalo Style Chicken Strips, Frozen, 3 lbs."
Mrs. Baird's,2,samsclub,MENISSEZ 미니 프렌치롤,"Mrs. Baird's 4"" Hamburger Bun 16 ct."
Nature's Own,2,samsclub,MENISSEZ 미니 프렌치롤,"Nature's Own Perfectly Crafted Thick Sliced Sourdough Bread, 22 oz."
King's Hawaiian,2,samsclub,MENISSEZ 미니 프렌치롤,King's Hawaiian Original Dinner Rolls 32 ct.
Olivari Grapeseed,2,walmart,OTTAVIO 포도씨유,"Olivari Grapeseed Oil for Frying and Sauteing, 51 fl oz Plastic Bottle"
Cholula Kosher,2,walmart,타바스코핫소스,"Cholula Kosher Original Hot Sauce, 5.0 fl oz Bottle"
The Original,2,walmart,타바스코핫소스,"The Original Louisiana Brand Hot Sauce, Original, 12 fl oz Bottle"
Louisiana Crystal,2,walmart,타바스코핫소스,"Louisiana Crystal Pure Hot Sauce, 12 fl oz"
Now Foods,2,walmart,OTTAVIO 포도씨유,"Now Foods - Solutions, Grapeseed Oil, 4 fl oz (118 ml)"
Zatural Grapeseed,2,walmart,OTTAVIO 포도씨유,"Zatural Grapeseed Oil - 8oz - 100% Virgin, Cold-Pressed, Food & Therapeutic Grade"
Grape Seed,2,walmart,OTTAVIO 포도씨유,"Grape Seed Oil-Cold Pressed, Virgin, Undiluted, 100% Pure Grape Seed Oil, 640 Oz (5 Gallon)"
Hunts Tomato,2,walmart,하인즈 토마토 케찹,"Hunts Tomato Ketchup, 20 oz. Squeeze Bottle"
(16 pack),2,walmart,하인즈 토마토 케찹,"(16 pack) Great Value Tomato Ketchup, 24 oz"
BelGioioso Burrata,2,walmart,EURO POMELLA 부라타치즈,"BelGioioso Burrata Cheese Filled with Mozzarella and Cream, 8 oz Refrigerated Plastic Cup"
Belgioioso Black,2,walmart,EURO POMELLA 부라타치즈,"Belgioioso Black Truffle Burrata Cheese, 8OZ, 6 Pack"
Smucker's Assorted,2,samsclub,오리히로 과일 곤약젤리,"Smucker's Assorted Jam & Jelly Cups, 0.5 oz., 200 ct."
Trojan Variety,2,samsclub,오리히로 과일 곤약젤리,"Trojan Variety Pack Lubricated Latex Condoms, 40 ct."
SUMM! Chicken,2,samsclub,CP 통새우완탕,"SUMM! Chicken Dumplings with Chili Crisp Oil, 2PK (16.23 oz)"
Caribbean Food,2,samsclub,CP 통새우완탕,"Caribbean Food Jamaican Style Spicy Beef Turnovers, Frozen, 10 ct."
Golden Grill,2,samsclub,MCCAIN 해쉬브라운 감자,"Golden Grill Hashbrown Potatoes, 33oz."
Idahoan Shredded,2,samsclub,MCCAIN 해쉬브라운 감자,"Idahoan Shredded Hashbrowns, 2.125 lbs."
Chef-mate Country,2,samsclub,이금기 프리미엄 굴소스,"Chef-mate Country Sausage Gravy, 105 oz."
Kraft Mozzarella,2,walmart,EURO POMELLA 부라타치즈,"Kraft Mozzarella Shredded Cheese with a Touch of Cream Cheese for a Creamy Melt, 16 oz Bag"
Santitas Tortilla,2,walmart,엘로 토티야칩스,"Santitas Tortilla Chips Blended Corn, 11 oz Bag"
Santitas White,2,walmart,엘로 토티야칩스,"Santitas White Corn Tortilla Chips Snack Chips, 11 oz Bag"
Tostitos Tortilla,2,walmart,엘로 토티야칩스,"Tostitos Tortilla Chips Hint of Lime, 11 oz Bag"
Shearer's Foods,2,samsclub,엘로 토티야칩스,"Shearer's Foods Round Tortilla Chips, 2 pk., 48 oz."
Le Sueur,2,samsclub,KASUGAI 와사비콩 스낵 (그린피스+잠두),"Le Sueur Very Young Small Sweet Peas, 15 oz., 8 ct."
Crisco All-Vegetable,2,samsclub,OTTAVIO 포도씨유,"Crisco All-Vegetable Shortening, 96 oz."
Mazola Corn,2,samsclub,OTTAVIO 포도씨유,Mazola Corn Oil 2.5 gal.
Heinz Simply,2,samsclub,하인즈 토마토 케찹,"Heinz Simply Tomato Ketchup, 44 oz., 2 pk."
Red Gold,2,samsclub,하인즈 토마토 케찹,"Red Gold Tomato Ketchup Single-Serve Packets 1,000 ct."
Whataburger Fancy,2,samsclub,하인즈 토마토 케찹,"Whataburger Fancy Ketchup, 40 oz., 2 pk."
Whataburger Spicy,2,samsclub,하인즈 토마토 케찹,"Whataburger Spicy Ketchup, 40 oz., 2 pk."
El Viajero,2,samsclub,EURO POMELLA 부라타치즈,El Viajero Panela Basket Cheese 3 lbs.
Frigo Cheese,2,samsclub,EURO POMELLA 부라타치즈,"Frigo Cheese Heads String Cheese 1 oz. pkg., 48 ct."
SYNERGY The,2,samsclub,JUVER 사과주스,"SYNERGY The Real Kombucha, Honeycrisp Apple, 16 fl. oz., 6 pk."
"Lifesavers Red,",2,samsclub,하리보 푸르티부시,"Lifesavers Red, White, and Blue Gummies, 38oz."
Blue Stripes,2,samsclub,하리보 푸르티부시,"Blue Stripes Banana and Cacao Fruit Superfruit Gummies Club, 0.7 oz., 14 pk."
Smuckers Blueberry,2,walmart,본마망 4프루츠잼,"Smuckers Blueberry Preserves, 18 oz Jar"
Smucker’s Sugar,2,walmart,본마망 4프루츠잼,"Smucker’s Sugar Free Red Raspberry Preserves, 12.75 oz Jar"
Goldfish Limited,2,walmart,체다치즈 크래커,"Goldfish Limited Edition Cheddar Cheese Crackers, 27.3 oz Carton"
(6 Cans),2,walmart,TIPCO 파인애플주스 (착즙),"(6 Cans) Dole Light Pineapple Juice Drink, 6 fl oz Can"
Old Orchard,2,walmart,TIPCO 파인애플주스 (착즙),"Old Orchard 100% Pineapple Juice, 12 oz Frozen Concentrate"
Lakewood Organic,2,walmart,TIPCO 파인애플주스 (착즙),Lakewood Organic Pure Pineapple Juice Not from Concentrate Fresh Pressed 32 fl oz
(24 Cans),2,walmart,TIPCO 파인애플주스 (착즙),"(24 Cans) Dole All Natural 100% Pineapple Juice, 6 fl oz Can"
2 Pack,2,walmart,TIPCO 파인애플주스 (착즙),2 Pack Minute Maid Zero Sugar Pineapple
Kodiak Cranberry,2,walmart,네이처밸리 트레일 믹스바,"Kodiak Cranberry Chocolate Chip Protein Packed Trail Bars, 1.23 oz, 5 Count Cardboard Box"
Post Premier,2,walmart,MISURA 프로틴 플레이크,"Post Premier Protein Mixed Berry Almond Cereal, Mixed Berry Protein Cereal, Crunchy 11 oz Box"
Dole All,2,walmart,TIPCO 파인애플주스 (착즙),"Dole All Natural 100% Pineapple Juice, 46 oz, NON GMO, Shelf Stable, Aluminum Can"
Langers Pineapple,2,walmart,TIPCO 파인애플주스 (착즙),"Langers Pineapple Juice 100% Pure, 64 Fl Oz – Natural Sweetness and Refreshing Taste"
The Only,2,walmart,KASUGAI 와사비콩 스낵 (그린피스+잠두),"The Only Bean Edamame Dry Roasted Edamame Beans Snack (Wasabi Soy Sauce), Wasabi Peas Alternative, Asian Japanese Snacks, Healthy High Protein Snacks, Low Carb, Gluten Free, 4oz (Pack of 3)"
Crispy Green,2,walmart,KASUGAI 와사비콩 스낵 (그린피스+잠두),"Crispy Green Wasabi Peas  Bold & Spicy Japanese Snack | Crunchy Snack for Trail Mix, Crackers & Mixed Nuts | Pantry-Friendly Treat"
SweetGourmet Wasabi,2,walmart,KASUGAI 와사비콩 스낵 (그린피스+잠두),SweetGourmet Wasabi Green Peas | Healthy Snacks | 2 Pounds
Yellowbird Blue,2,samsclub,타바스코핫소스,"Yellowbird Blue Agave Sriracha, 19.6 oz."
NuTrail Vanilla,2,samsclub,MISURA 프로틴 플레이크,"NuTrail Vanilla Almond Protein Granola, 20 oz."
Quaker Instant,2,samsclub,MISURA 프로틴 플레이크,"Quaker Instant Protein Oatmeal, Variety Pack, 20 ct."
Bob's Red,2,samsclub,MISURA 프로틴 플레이크,"Bob's Red Mill Gluten Free Protein Oats, 64 oz."
Raisin Bran,2,samsclub,MISURA 프로틴 플레이크,"Raisin Bran Protein Breakfast Cereal, 41.2 oz."
Nutri-Grain Breakfast,2,samsclub,퀘이커 심플리그래놀라,"Nutri-Grain Breakfast Bars Variety Pack, 1.3 oz., 36 pk."
Quaker Chewy,2,samsclub,퀘이커 심플리그래놀라,"Quaker Chewy Granola Bar, Variety Pack, 60 ct."
MadeGood Chocolate,2,samsclub,퀘이커 심플리그래놀라,"MadeGood Chocolate Chip Granola Bars, .85 oz., 30 ct."
Allens Italian,2,samsclub,KASUGAI 와사비콩 스낵 (그린피스+잠두),"Allens Italian Style Green Beans, 28 oz., 6 pk."
Giorgio Mushroom,2,samsclub,KASUGAI 와사비콩 스낵 (그린피스+잠두),"Giorgio Mushroom Pieces and Stems, 4 oz., 12 ct."
Sublime Desserts,2,samsclub,PM SWEET 36 마카롱,"Sublime Desserts Macarons Assorted Flavors, Frozen, 36 ct."
Cosori 10-Tray,2,samsclub,본마망 4프루츠잼,Cosori 10-Tray Stainless Steel Dehydrator
Welch's Tropical,2,samsclub,TIPCO 파인애플주스 (착즙),"Welch's Tropical Drink Juice Variety Pack, 10 fl. oz., 24 pk."
Nature's Twist,2,samsclub,JUVER 레몬에이드,"Nature's Twist Sugar Free Lemonade Variety Pack, 16.9 fl. oz., 24 pk."
Lipton Half,2,samsclub,JUVER 레몬에이드,"Lipton Half and Half Iced Tea and Lemonade 16.9 fl. oz., 24 pk."
True Lemon,2,samsclub,JUVER 레몬에이드,"True Lemon Crystallized Lemon Packets, 100 ct."
Emergen-C Immune,2,samsclub,JUVER 레몬에이드,"Emergen-C Immune + Crystals, Blackberry Lemonade, 56 ct."
Heinz Golden,2,walmart,이금기 프리미엄 굴소스,Heinz Golden Mark Oyster Sauce 9.2oz
Kikkoman Gluten‑Free,2,walmart,이금기 프리미엄 굴소스,"Kikkoman Gluten‑Free Oyster‑Flavored Sauce, 12.6 oz Glass Bottle"
PURA D'OR,2,walmart,OTTAVIO 포도씨유,"PURA D'OR ORGANIC Grapeseed Oil, 16 Fl Oz"
Pure Grapeseed,2,walmart,OTTAVIO 포도씨유,Pure Grapeseed Oil for Skin Care - Cold Pressed Grape Seed Oil Liquid for Skin with Moisturizing Carrier Oil for Essential Oils Mixing - Natural Vitamin E Anti Aging Body Oil for Dry Skin and Hair
De La,2,walmart,OTTAVIO 포도씨유,"De La Cruz Grapeseed Oil - Pressed for Dry Hair and Skin Care, 2 fl Oz"
Classico Four,2,walmart,HEINZ 클레시코 알프레도소스,"Classico Four Cheese Alfredo Pasta Sauce, 15 oz. Jar"
Prego Alfredo,2,walmart,HEINZ 클레시코 알프레도소스,"Prego Alfredo Sauce with Roasted Garlic and Parmesan Cheese, 22 oz Jar"
Classico Roasted,2,walmart,HEINZ 클레시코 알프레도소스,"Classico Roasted Garlic Alfredo Spaghetti Pasta Sauce, 15 oz. Jar"
Prego Homestyle,2,walmart,HEINZ 클레시코 알프레도소스,"Prego Homestyle Alfredo Pasta Sauce, 14.5 oz Jar"
Prego Basil,2,walmart,데체코 바질페스토,"Prego Basil Pesto Sauce, 8 oz Jar"
Prego Creamy,2,walmart,데체코 바질페스토,"Prego Creamy Basil Pesto Pasta Sauce, 14.5 oz Jar"
Giovanni Rana,2,walmart,데체코 바질페스토,"Giovanni Rana Pesto Premium Pasta Topping Jar (Share Size, 12.5oz), 1/4 Cup (60 g), Refrigerated"
Perfect Choice,2,walmart,데체코 바질페스토,"Perfect Choice Basil Pesto - Delicious Pasta Sauce, Pizza Sauce & More - 4.9 oz - Pack of 3"
Cento -,2,walmart,데체코 바질페스토,Cento - Imported Organic Basil Pesto - 6.5 oz. Jars
Divina Vegan,2,walmart,데체코 바질페스토,"Divina Vegan Pesto Nut-Free with D.O.P. Genovese Basil, 6.7 oz"
Best Foods,2,samsclub/walmart,하인즈 굿마요네즈,"Best Foods Real Mayonnaise, Sandwich Spread Condiments, 30 fl oz; Best Foods Real Mayonnaise, 64 fl. oz."
California Olive Ranch,2,samsclub,OLITALIA 엑스트라버진 올리브유; OLITALIA 유기농 엑스트라버진 올리브유,"California Olive Ranch Extra Virgin Olive Oil, 33.8 fl. oz."
Starbucks Cold,2,samsclub,스타벅스 미디엄 아메리카노,"Starbucks Cold Brew Coffee Concentrates, Signature Black, 64 oz., 2 ct."
Cheez-It Baked,2,samsclub,체다치즈 크래커,"Cheez-It Baked Snack Crackers, White Cheddar, 1.5 oz., 45 pk."
French's Classic,2,samsclub,A1스테이크소스,"French's Classic Regular Worcestershire Sauce, 1 gal."
Dale's Steak,2,samsclub,A1스테이크소스,"Dale's Steak Seasoning, 64 fl. oz."
Ken's Steak,2,samsclub,A1스테이크소스,"Ken's Steak House Honey Mustard, 32 oz."
Pringles Original,2,samsclub/walmart,프링글스 오리지널 멀티팩,"Pringles Original Potato Crisps Chips, Lunch Snacks, 6.8 oz Canister; Pringles Original Potato Crisps, Snack Cups, 0.67 oz., 48 pk."
McCain Spicy,2,walmart,CAVENDISH 크리스피 스파이시; CAVENDISH 스트레이트컷 감자,"McCain Spicy Straight Cut French Fries, 26 oz Bag"
Andy Capp's,2,walmart,CAVENDISH 크리스피 스파이시,"Andy Capp's Big Bag Hot Fries, Corn & Potato Snacks, 8 oz.; Andy Capp's Hot Fries, 3 oz."
Chester's Fries,2,walmart,CAVENDISH 크리스피 스파이시,"Chester's Fries Corn Snacks Flamin' Hot Flavored 8.625 Ounce Bag; Chester's Fries Flamin' Hot Corn & Potato Snacks, 13.5 oz."
Nature's Garden,2,samsclub,GENERAL MILLS 후르츠 롤업 젤리,"Nature's Garden Probiotic Mixed Berry Yoggies 0.7 oz., 24 pk.; Nature's Garden Trail Mix Snack Packs, 1.2 oz., 24 pk."
GoGo SqueeZ,2,samsclub,GENERAL MILLS 후르츠 롤업 젤리,"GoGo SqueeZ Applesauce Pouches, Apple Apple, 3.2 oz., 32 ct.; GoGo SqueeZ Applesauce Pouches, Variety Pack, 3.2 oz., 32 ct."
Premier Protein,2,samsclub,스니커즈 땅콩 펀사이즈; 스니커즈 미니스,"Premier Protein 30g High Protein Shake, Chocolate Peanut Butter, 11 fl. oz., 15 pk.; Premier Protein Mini Protein Shakes, Chocolate, 8.75 fl. oz., 12 pk."
Honey Maid,2,samsclub,완두콩 크래커,"Honey Maid Honey Graham Crackers, 14.4 oz., 4 pk."
AriZona Juice,2,samsclub,TIPCO 오렌지자몽주스 (착즙),"AriZona Juice Cocktail Variety Pack 20 fl. oz., 24 pk."
Snapple Juice,2,samsclub,TIPCO 오렌지자몽주스 (착즙),"Snapple Juice Drink Variety Pack, 16 fl. oz., 24 pk."
Bibigo Frozen,2,walmart,CP 통새우완탕,"Bibigo Frozen Mini Wontons Chicken & Vegetable Dumplings, 24.0 oz"
Marketside Pork,2,walmart,CP 통새우완탕,"Marketside Pork Potstickers with Garlic Chili Rayu Glaze, 6.5 oz (Refrigerated)"
Twin Dragon,2,walmart,CP 통새우완탕,"Twin Dragon Refrigerated Plant-Based Wonton Wraps, 14 oz"
Innovasian Cuisine,2,walmart,CP 통새우완탕,"Innovasian Cuisine Seafood Rangoon Appetizer, 25 count -- 5 per case"
2pk Ty,2,walmart,CP 통새우완탕,"2pk Ty Ling Chinese Style Hot Mustard, 4 oz Jars, Authentic Asian Hot Mustard Sauce, Spicy Chinese Condiment for Egg Rolls, Dumplings, Stir Fry, BBQ & Dipping Sauce"
Amoy Pork,2,walmart,CP 통새우완탕,"Amoy Pork Wonton, 0.5 Ounce - 200 per case."
Ore-Ida Shredded,2,walmart,MCCAIN 해쉬브라운 감자,"Ore-Ida Shredded Hash Browns Frozen Potatoes, 1 Bag, for Easy Breakfast Sides, Gluten-Free, 30 oz"
Helper Breakfast,2,walmart,MCCAIN 해쉬브라운 감자,"Helper Breakfast Farmhouse Hashbrowns with Bell Pepper & Onion Seasoning, 4oz Box"
Filippo Berio,2,samsclub/walmart,OLITALIA 엑스트라버진 올리브유; OLITALIA 유기농 엑스트라버진 올리브유,"Filippo Berio Extra Virgin Olive Oil 25.3 fl oz; Filippo Berio Extra Virgin Olive Oil, 67.6 oz."
Betty Crocker,2,walmart,GENERAL MILLS 후르츠거거셔스 젤리,"Betty Crocker Fruit Gushers Fruit Snacks, Tropical Flavors (Pack of 48); Betty Crocker Fruit Gushers Fruit Snacks, Tropical Flavors (Pack of 32)"
Reese's Thins,2,walmart,스니커즈 땅콩 펀사이즈,"Reese's Thins Chocolate Peanut Butter Cups Candy, Share Pack 7.37 oz; Reese's Thins Milk Chocolate Peanut Butter Cups Candy, Share Pack 7.37 oz"
Snickers Fun,2,walmart,스니커즈 미니스,"Snickers Fun Size Chocolate Bars, 18.71 oz Jumbo Candy Bag; Snickers Fun Size Chocolate Candy Bars - 2.6 oz (5 pack)"
Ruffles Cheddar,2,samsclub,프링글스 오리지널 멀티팩; 레이즈 클래식,"Ruffles Cheddar & Sour Cream Potato Chips, 15.125 oz."
Popchips Variety,2,samsclub,프링글스 사워크림&어니언 멀티팩; 레이즈 클래식,"Popchips Variety Pack Chips, 0.8 oz., 30 pk."
SKIPPY SUPER,2,walmart,스키피 크런치 땅콩버터,"SKIPPY SUPER CHUNK Peanut Butter, 7 g Protein Per Serving, Shelf-Stable, 16.3 oz Plastic Jar; SKIPPY SUPER CHUNK Peanut Butter, 7 g Protein Per Serving, Shelf-Stable, 40 oz Plastic Jar"
Crazy Richard's,2,walmart,스키피 크런치 땅콩버터; 스키피 크리미 땅콩버터,"Crazy Richard's Cruncy Peanut Butter 16oz; Crazy Richard's All-Natural Creamy Peanut Butter, 16 oz"
Jif Natural,2,walmart,스키피 크런치 땅콩버터; 스키피 크리미 땅콩버터,"Jif Natural Crunchy Peanut Butter Spread  Contains 90% Peanuts, 40 oz; Jif Natural Creamy Peanut Butter Spread, 16-Ounce Jar"
Smuckers Natural,2,walmart,스키피 크런치 땅콩버터,"Smuckers Natural Chunky Peanut Butter, 26 oz Jar; Smuckers Natural Chunky Peanut Butter, 16 oz Jar"
SKIPPY Peanut,2,walmart,스키피 크리미 땅콩버터,"SKIPPY Peanut Butter, Creamy, Plastic Jar 16.3 oz; SKIPPY Peanut Butter, Creamy, 7 g protein (7% daily value) per serving, Shelf-Stable, 40 oz Plastic Jar"
(Pack of,2,walmart,O'DAY 누가샌드위치 크래커; 하인즈 유기농 토마토케찹,(Pack of 12) Gamesa Mamut Large Cookies 8.1 Oz; (Pack of 6) Portland Organic Ketchup 14 Oz
Arnott's Tim,2,walmart,O'DAY 누가샌드위치 크래커,"Arnott's Tim Tam Dark Chocolate Cookies, 7 oz. Tray; Arnott's Tim Tam Dark Mint Cookies, 5.8 oz. Tray"
CHIPS AHOY!,2,samsclub/walmart,O'DAY 누가샌드위치 크래커,"CHIPS AHOY! Chewy Fudgy Chocolate Chip Cookies, 13 oz; CHIPS AHOY! Chocolate Chip Cookies, Family Size, 18.2 oz., 3 pk."
OREO Double,2,walmart,NABISCO 오레오쿠키,"OREO Double Stuf Chocolate Sandwich Cookies, Family Size, 18.71 oz; OREO Double Stuf Zero Sugar Chocolate Sandwich Cookies, 10 Snack Packs (2 Cookies Per Pack)"
OREO Minis,2,walmart,NABISCO 오레오쿠키,"OREO Minis Chocolate Sandwich Cookies, 10 Snack Packs; OREO Minis Chocolate Sandwich Cookies, 8 oz"
Utz Ripples,2,walmart,프링글스 사워크림&어니언 멀티팩,"Utz Ripples Sour Cream & Onion Flavored Potato Chips 7.75 oz Family Size Bag; Utz Ripples Sour Cream & Onion Potato Chips, Gluten-Free, Party Size, 12.5 oz Bag"
Herr's Sour,2,walmart,프링글스 사워크림&어니언 멀티팩,Herr's Sour Cream & Onion Chips 13oz; Herr's Sour Cream & Onion Chips 7.75oz
Ruffles Original,2,samsclub/walmart,레이즈 클래식,"Ruffles Original Flavor Potato Snack Chips,Party Size, 13 oz Bag; Ruffles Original Potato Chips,15.625 oz."
Lay's Dill,2,samsclub/walmart,레이즈 클래식; 프링글스 오리지널 멀티팩,"Lay's Dill Pickle Potato Snack Chips, 7.75 oz Bag; Lay's Dill Pickle Potato Chips, 15.25 oz."
Morinaka Monaka,2,walmart,TENKEI 종합 모나카,Morinaka Monaka Young Ladies Like Punishment (Paperback)
RAGU Old,2,walmart,RAGU 토마토 파스타소스,"RAGU Old World Style Traditional Pasta Sauce, 24 oz; RAGU Old World Style Traditional Pasta Sauce, 66 oz"
Chester's Puffcorn,2,walmart,LIKE AIR 퍼프콘 클래식,"Chester's Puffcorn Butter, 3.25oz; Chester's Puffcorn Flamin' Hot Flavored Puffed Corn Snacks, 4.25 oz Bag"
Vlasic Pickle,2,walmart,LIKE AIR 퍼프콘 클래식,"Vlasic Pickle Balls, Dill Pickle Flavored Corn Puffs, 6.5 oz.; Vlasic Pickle Balls, Dill Pickle Flavored Corn Puffs, 2 oz."
Marketside Chocolate,2,walmart,MENISSEZ 미니 프렌치롤,"Marketside Chocolate Chip Brioche Rolls, 9.88 oz, 8 Count"
"St Pierre,",2,walmart,MENISSEZ 미니 프렌치롤,"St Pierre, Brioche Pretzel Rolls, Shelf-Stable, Regular, 6 Count"
Aloha Right,2,walmart,덴로쿠 스낵믹스 (개별포장 믹스),Aloha Right Now Premium Mixed Arare Rice Crackers Mochi Crunch Japanese Hawaiian Style Asian Snack Mix (2lb (pack of 1)); Aloha Right Now Premium Mixed Arare Rice Crackers Mochi Crunch Japanese Hawaiian Style Asian Snack Mix 1LB 16oz
Balconi Mini-Tiramisu,2,walmart,EMMI 이탈리안 티라미슈,Balconi Mini-Tiramisu Snack Cakes BCF26 - 10 cakes per pack
Waka Premium,2,walmart,스타벅스 미디엄 아메리카노,"Waka Premium Instant Espresso  100% Colombian Arabica Beans, Hot or Iced Espresso, Americano, Latte  No Sugar Added, Makes 50 Cups (3.5 oz)"
Kenco Millicano,2,walmart,스타벅스 미디엄 아메리카노,"Kenco Millicano Americano Intense Instant Coffee 95G, Imported from Britain"
St Dalfour,2,walmart,본마망 무화과잼,"St Dalfour Fig Royale Fruit Spread, 100% from Fruit, Vegan & Gluten Free, 10 oz Jar"
Divina Chili,2,walmart,본마망 무화과잼,"Divina Chili Fig Spread, 9 Oz."
Iberia Dulce,2,walmart,본마망 무화과잼,"Iberia Dulce de Brevas Fig Preserve, 21.2 oz"
Stonewall Kitchen,2,walmart,본마망 무화과잼,Stonewall Kitchen Organic Classic Fig Jam 8.5oz.
Divina Fig,2,walmart,본마망 무화과잼,"Divina Fig Spread, 9 oz"
Gourmanity Royal,2,walmart,본마망 무화과잼,"Gourmanity Royal Preserve Fig Jam, Purple Fig Jam Spread, 7.58oz /215gr Jar"
Dalmatia Spread,2,walmart,본마망 무화과잼,"Dalmatia Spread Fig, 8.5oz, 2 Pack"
Smucker’s Peach,2,walmart,본마망 4프루츠잼,"Smucker’s Peach Preserves, 18 oz Jar"
Smuckers Apricot,2,walmart,본마망 4프루츠잼,"Smuckers Apricot Preserves, 18 oz Jar"
Smuckers Red,2,walmart,본마망 4프루츠잼,"Smuckers Red Raspberry Preserves, 18 oz Jar"
Japanese Curry,2,walmart,S&B 골든카레 (중간맛/매운맛),Japanese Curry Mix -S&B Golden Curry -Extra Hot 220g; Japanese Curry Mix -S&B Golden Curry -Mild 220g
SweeTARTS Mini,2,walmart,DR.Q 과즙젤리 4종,"SweeTARTS Mini Chewy, Candy, Mixed Fruit, Theater Box, 3.75 oz; SweeTARTS Mini Chewy, Candy, Mixed Fruit, 12 oz Bag"
David High,2,walmart,네이처밸리 프로틴바,"David High Protein Bars, Chocolate Chip Cookie Dough, 28g Protein (4 Count)"
Albanese World’s,2,walmart,하리보 골드베렌; 트롤리 올인원 젤리,"Albanese World’s Best 12 Flavor Gummi Bears, 7.5oz Regular Size, Gluten Free"
Tyson Southern,2,walmart,CP 플레이밍 치킨 텐더,"Tyson Southern Style Chicken Breast Tenderloins, 25 oz (Frozen, Fully Cooked)"
Doritos Tortilla,2,walmart,도리토스 나초칩,"Doritos Tortilla Chips Spicy Nacho Flavored 14.5 ounce Bag; Doritos Tortilla Chips, Nacho Cheese, 1 oz Bag"
Doritos Spicy,2,samsclub/walmart,도리토스 나초칩,"Doritos Spicy Nacho Flavored Tortilla Chips, 9.25 oz Bag; Doritos Spicy Nacho Tortilla Chips, 18.38 oz."
RITZ Fresh,2,walmart,NABISCO 리츠 오리지널,"RITZ Fresh Stacks Original Crackers, Travel Snacks, 11.8 oz (8 Multi Snack Packs); RITZ Fresh Stacks Original Crackers, Travel Snacks, Family Size, 17.8 oz (12 Multi Snack Packs)"
RITZ Original,2,samsclub/walmart,NABISCO 리츠 오리지널,"RITZ Original Crackers, Snacks for Kids and Adults, Lunch Snacks, 13.7 oz; RITZ Original Crackers, 3.43 oz., 18 pk."
Club Snack,2,walmart,NABISCO 리츠 오리지널,"Club Snack Stacks Original Crackers, Lunch Snacks, 6 Count; Club Snack Stacks Original Crackers, Lunch Snacks, 9 Count"
Bauducco Wafer,2,samsclub/walmart,크리스피롤 12곡,"Bauducco Wafer Roll Vanilla, 14.1oz; Bauducco Wafer Tub, 20 pk."
Sakai Diner,2,walmart,S&B생와사비,"Sakai Diner - Fresh Wasabi Paste & Lemon Blend 28g (0.99oz); Sakai Diner - Premium Finely Chopped Wasabi Tube, Real Wasabi Paste From Shizuoka | No Artificial Colors 3pcs"
Pack of,2,walmart,S&B생와사비; S&B 골든카레 (중간맛/매운맛),"Pack of 6, Sushi Chef Wasabi (Powdered Horseradish), 1 oz; Pack of 1 S&B, Golden Curry Japanese curry Mix, Medium Hot, 3.2 oz"
Sun Tropics,2,walmart,크리스피 코코넛롤,"Sun Tropics CocoRolls, Variety 6-Pack (4oz); Sun Tropics CocoRolls, Salted Caramel (4oz) 6-pack"
Smucker's Sugar,2,walmart,LES COMTES DE PROVENCE 딸기잼,"Smucker's Sugar Free Seedless Strawberry Jam, 12.75 oz"
Inglehoffer Original,2,walmart,MAILLE 홀그레인 머스타드,"Inglehoffer Original Stone Ground Mustard, 10 oz Squeeze Bottle"
Vicenzovo Ladyfingers,2,walmart,EMMI 이탈리안 티라미슈,Vicenzovo Ladyfingers by Matilde Vicenzi | Classic Italian Ladyfingers for Tiramisu | Tray of 12 Cookies | 7.05 oz | 200g | All-Natural | Kosher | Dairy
Party Rice,1,walmart,덴로쿠 스낵믹스 (개별포장 믹스),Party Rice Crackers Mix Bulk by Its Delish 2 lbs
McVitie's Digestive,1,walmart,맥비티 다이제스티브 투고,"McVitie's Digestive Wheat Biscuits, The Original, 14.1oz"
McVities Digestive,1,walmart,맥비티 다이제스티브 투고,McVities Digestive Biscuits 360g DMF15 (Pack of 4)
Mcvitie'S Digestives,1,walmart,맥비티 다이제스티브 투고,Mcvitie'S Digestives Roll Wrap Dark Chocolate 10.5-Ounce
Gullon Sugar-Free,1,walmart,맥비티 다이제스티브 투고,"Gullon Sugar-Free Digestive Cookie, 14.1 Oz."
McVitie's Digestives,1,walmart,맥비티 다이제스티브 투고,McVitie's Digestives The Original Biscuits 355g
"Mcvitie's Digestive,",1,walmart,맥비티 다이제스티브 투고,"Mcvitie's Digestive, Milk Chocolate Rollwrap, 10.5oz (300g)"
Mcvities Digestive,1,walmart,맥비티 다이제스티브 투고,Mcvities Digestive Dark Chocolate Biscuits 266g (Pack of 3)
McVitie's Dark,1,walmart,맥비티 다이제스티브 투고,McVitie's Dark Chocolate Digestives Biscuits Twin Pack 632g (2 x 316g)
"Mcvitie's Digestives,",1,walmart,맥비티 다이제스티브 투고,"Mcvitie's Digestives, Rollwrap, 14.1oz (400g)"
Gullon SUGAR,1,walmart,맥비티 다이제스티브 투고,Gullon SUGAR FREE Digestive Biscuits 245g
Toasteds Club,1,samsclub,덴로쿠 스낵믹스 (개별포장 믹스),"Toasteds Club Town House Charcuterie Cracker Collection Variety Pack, 39.2 oz."
Crunchmaster Variety,1,samsclub,덴로쿠 스낵믹스 (개별포장 믹스),"Crunchmaster Variety Pack Rice Crackers, 21 oz., 2 pk."
RITZ Bits,1,samsclub,덴로쿠 스낵믹스 (개별포장 믹스),"RITZ Bits Cheese Sandwich Crackers, 1.5 oz., 30 pk."
Entenmann's Little,1,samsclub,맥비티 다이제스티브 투고,"Entenmann's Little Bites Chocolate Chip Muffins, 1.5 oz., 20 pk."
Otis Spunkmeyer,1,samsclub,맥비티 다이제스티브 투고,"Otis Spunkmeyer Variety Pack Muffins, 4 oz., 15 pk."
Annie's Organic,1,walmart,LIKE AIR 퍼프콘 클래식,"Annie's Organic White Cheddar Cheesy Smiles, Baked Corn Puffs, Gluten Free, 4 oz"
Chester's Cheddar,1,walmart,LIKE AIR 퍼프콘 클래식,Chester's Cheddar Popcorn $2 Prepriced 2.13 oz. Bag
"Doritos Minis,",1,walmart,도리토스 나초칩,"Doritos Minis, Nacho Cheese Flavored Tortilla Chips, 5.125 oz, Canister"
Doritos Protein,1,walmart,도리토스 나초칩,"Doritos Protein Nacho Cheese Tortilla Chips Bag, 7 oz"
Simply Doritos,1,walmart,도리토스 나초칩,"Simply Doritos White Cheddar Nacho Tortilla Chips , 5.5 oz"
Club Original,1,walmart,NABISCO 리츠 오리지널,"Club Original Crackers, Lunch Snacks, 13.7 oz"
Town House,1,walmart,NABISCO 리츠 오리지널,"Town House FlipSides Original Oven Baked Crackers, Salty Snacks, 9.2 oz"
Club Minis,1,walmart,NABISCO 리츠 오리지널,"Club Minis Original Crackers, Lunch Snacks, 11 oz"
Club Multigrain,1,walmart,NABISCO 리츠 오리지널,"Club Multigrain Crackers, Lunch Snacks, 12.7 oz"
Peter DeBeukelear,1,walmart,크리스피롤 12곡,"Peter DeBeukelear Creme De Pirouline Rolled Wafers, French Vanilla, 14 Oz Tins, Pack of 6"
DeBeukelaer Pirouline,1,walmart,크리스피롤 12곡,"DeBeukelaer Pirouline Dark Chocolate Creme Filled Wafers Rolls 14.1oz. 32 Cookies, Shelf Stable."
Bauducco Chocolate,1,walmart,크리스피롤 12곡,"Bauducco Chocolate Hazelnut Wafer Rolls - Classic European Cookies, 14.1 oz"
Pirucream Rolled,1,walmart,크리스피롤 12곡,Pirucream Rolled Wafer Filled with Chocolate and Hazelnuts 10.58 oz.
Necco Wafers,1,walmart,크리스피롤 12곡,"Necco Wafers Candy, 24 Pack (2 Ounce Rolls Each), The Original Candy Wafer"
S&B Neri,1,walmart,S&B생와사비,S&B Neri Wasabi Paste 1.52 Oz Box - Pack of 10
"S&B, Wasabi",1,walmart,S&B생와사비,"S&B, Wasabi paste, 3.17 Ounce"
Hime Powdered,1,walmart,S&B생와사비,"Hime Powdered Sushi Wasabi, .88 Oz"
[SET] Shizuoka,1,walmart,S&B생와사비,[SET] Shizuoka Rough-Cut Hon Wasabi 42g  2 Tube Set
Ottogi Prepared,1,walmart,S&B생와사비,Ottogi Prepared Wasabi Paste 1.23oz
S&B Premium,1,walmart,S&B생와사비,"S&B Premium Wasabi Paste in Tube, 1.52 Ounce (Pack of 2)"
ChocZero Sugar,1,walmart,페레로 누텔라,"ChocZero Sugar Free Milk Chocolate Hazelnut Spread, Keto, Low Carb, 12 oz Jar"
Welch's Four,1,walmart,LES COMTES DE PROVENCE 멀티베리 스프레드,"Welch's Four Berry Spread, 18 oz Jar"
bettergoods Mixed,1,walmart,LES COMTES DE PROVENCE 멀티베리 스프레드,"bettergoods Mixed Berry Fruit Spread, 11.4 oz"
Grandma's Jam,1,walmart,LES COMTES DE PROVENCE 멀티베리 스프레드,"Grandma's Jam House All Natural USA Made Homestyle Double Berry Jam, 19 oz"
Polaner All,1,walmart,LES COMTES DE PROVENCE 멀티베리 스프레드,"Polaner All Fruit Seedless Blackberry Spreadable Fruit, Non-GMO, Gluten Free, 10 oz Jar"
Ava Organic,1,walmart,크리스피 코코넛롤,"Ava Organic Coconut Crispy Rollers, Gluten-Free, 14.1 oz, 1 Count"
TROPICAL FIELDS,1,walmart,크리스피 코코넛롤,TROPICAL FIELDS ORGANIC CRISPY COCONUT ROLLS .11 OZ BAG
Hunt’s Garlic,1,walmart,RAGU 토마토 파스타소스,"Hunt’s Garlic & Herb Pasta Sauce, 24 oz. Can"
Chester's Cheese,1,walmart,LIKE AIR 퍼프콘 클래식,"Chester's Cheese Puffcorn, 4.25 oz"
(5 pack),1,walmart,S&B 골든카레 (중간맛/매운맛),"(5 pack) S&B Ready-Made Japanese Style Curry Sauce, Medium Hot with Vegetables, 7.4 oz, 2 Pack"
Mild Curry,1,walmart,S&B 골든카레 (중간맛/매운맛),"Mild Curry Roux Cubes, Japanese Style Curry Mix, Easy Instant Curry Sauce Blocks, 8 Cubes, 7.05 oz (200g)"
SB Golden,1,walmart,S&B 골든카레 (중간맛/매운맛),"SB Golden Curry Sauce Mix, Hot, 7.8 Ounce"
Mike and,1,walmart,DR.Q 과즙젤리 4종,"Mike and Ike Original Fruits Candy, 4.25 Ounce Theater Box, 1 Count"
Zachary Orange,1,walmart,DR.Q 과즙젤리 4종,"Zachary Orange Slices Jelly Candy, 32 oz. Tub"
"Zachary, Assorted",1,walmart,DR.Q 과즙젤리 4종,"Zachary, Assorted Fruit Slices, Lemon, Lime, Cherry, & Orange Flavored Candy, 32 oz. Tub"
AMOS Peelerz,1,walmart,DR.Q 과즙젤리 4종,"AMOS Peelerz Watermelon, Peelable Gummy Candy, Real Fruit Flavor, 1 Count, 3.5 oz Bag"
Zachary Spice,1,walmart,DR.Q 과즙젤리 4종,Zachary Spice Drops Tub 32 oz. Jelly Candy Regular Size Pieces
Classico Traditional,1,walmart,AGROMONTE 토마토 파스타 소스,"Classico Traditional Sweet Basil Pasta Sauce, 24 oz Jar"
Classico Tomato,1,walmart,AGROMONTE 토마토 파스타 소스,"Classico Tomato & Basil Pasta Sauce, 24 oz Jar"
"Fruit Roll-Ups,",1,walmart,후룻 바이 풋,"Fruit Roll-Ups, Fruit by the Foot, Gushers Gluten Free Fruit Flavored Snacks (16 Pouches)"
Fruit By,1,walmart,후룻 바이 풋,"Fruit By The Foot Fruit Flavored Snacks, Valentine's Day, Family Pack, 18 Ct, 13.5 oz"
Shameless Snacks,1,walmart,트롤리 사우어 구미,"Shameless Snacks Variety Pack Low Calorie Sour Gummy Candy, Keto Friendly High Fiber Low Sugar Healthy Candy, Gluten Free Plant Based, 1.8 oz Bag"
Jolly Rancher,1,walmart,트롤리 사우어 구미,"Jolly Rancher Sour Gummies Awesome Reds Assorted Fruit Flavored Candy, Bag 13 oz"
Post Fruity,1,walmart,GENERAL MILLS 골든그레이엄,"Post Fruity PEBBLES Breakfast Cereal, Gluten Free, Family Size Box, 19.5 oz"
Kellogg's Raisin,1,walmart,GENERAL MILLS 골든그레이엄,"Kellogg's Raisin Bran Original Breakfast Cereal, High Fiber, Mega Size, 29.5  oz"
Kellogg's Apple,1,walmart,GENERAL MILLS 골든그레이엄,"Kellogg's Apple Jacks Original Breakfast Cereal, 15g Whole Grains, 8.9  oz"
Cap'n Crunch,1,walmart,GENERAL MILLS 골든그레이엄,"Cap'n Crunch Breakfast Cereal Original Express Cup, 1.51oz"
Kashi Cinnamon,1,walmart,GENERAL MILLS 시나몬토스트크런치,"Kashi Cinnamon Harvest Breakfast Cereal, Organic, 18 oz"
Malt-O-Meal Cinnamon,1,walmart,GENERAL MILLS 시나몬토스트크런치,"Malt-O-Meal Cinnamon Toasters Breakfast Cereal, Real Cinnamon Squares, 49 oz Bag"
Quaker Life,1,walmart,GENERAL MILLS 시나몬토스트크런치,"Quaker Life Breakfast Cereal, Cinnamon, 22.3oz Box"
Cascadian Farm,1,walmart,GENERAL MILLS 시나몬토스트크런치,"Cascadian Farm Organic Cinnamon Crunch Cereal, Family Size, 14.5 oz"
Apple Cinnamon,1,walmart,GENERAL MILLS 시나몬토스트크런치,"Apple Cinnamon Cheerios, Heart Healthy Gluten Free Cereal, Family Size, 19 oz"
Simplot Thunder,1,walmart,CAVENDISH 스트레이트컷 감자,"Simplot Thunder Crunch 3/8 Straight Cut Potato Fries, 5 Pound -- 6 per case."
McCain Golden,1,walmart,CAVENDISH 스트레이트컷 감자,"McCain Golden Straight Cut Fry, 5 Pound - 6 per case."
Simplot Select,1,walmart,CAVENDISH 스트레이트컷 감자,"Simplot Select Recipe Straight Cut Potato French Fry, 5 Pound - 6 per case."
Sweet Sensations,1,walmart,CAVENDISH 스트레이트컷 감자,"Sweet Sensations Straight Cut Sweet Potato Fries, 15 Pound -- 1 each"
Simplot ClearlyCrisp,1,walmart,CAVENDISH 스트레이트컷 감자,"Simplot ClearlyCrisp NaturalCrisp Straight Cut Thin French Fry, 5 Pound 6 per case."
Simplot Seasonedcrisp,1,walmart,CAVENDISH 스트레이트컷 감자,"Simplot Seasonedcrisp Savory Regular Straight Cut French Fry, 5 Pound - 6 per case."
McCain Redstone,1,walmart,CAVENDISH 스트레이트컷 감자,"McCain Redstone Canyon Straight Cut Potato Fry - Appetizer, 5 Pound -- 6 per case."
Albanese World's,1,walmart,하리보 골드베렌,"Albanese World's Best 12 Flavor Gummi Bears, Family Size Share 36 oz"
Peter Pan,1,walmart,스키피 크리미 땅콩버터,"Peter Pan Creamy Peanut Butter,Smooth, Gluten Free Peanut Butter, 16.3 oz Jar"
Fischer &,1,walmart,LES COMTES DE PROVENCE 멀티베리 스프레드,"Fischer & Wieser Triple Berry Jam, 9.5 oz"
Philadelphia Whipped,1,walmart,LES COMTES DE PROVENCE 멀티베리 스프레드,"Philadelphia Whipped Flavored Cream Cheese Spread, 1 Tub, for Smooth, Spreadable Mornings, Mixed Berry Natural Flavor with Other Natural Flavor, No Artificial Preservatives, Flavors or Dyes, 7.5 oz"
Mini Mamut,1,walmart,O'DAY 누가샌드위치 크래커,Mini Mamut by Gamesa with 28 Small Packs | Cookies Covered with Chocolate
Yuki &,1,walmart,O'DAY 누가샌드위치 크래커,Yuki & Love Boba Nougat Biscuit; 120g
Samlip Original,1,walmart,O'DAY 누가샌드위치 크래커,"Samlip Original Nougat Wafer Snack, Crispy Cream Layer Wafer Cookies, Individually Wrapped Korean Dessert Snack"
CHIATE Nougat,1,walmart,O'DAY 누가샌드위치 크래커,CHIATE Nougat Green Onion Cookies 12Pcs/290G Best Taiwanese Gift - CHIATE - Stock-Taiwan Food
Cote d'Or,1,walmart,O'DAY 누가샌드위치 크래커,Cote d'Or Nougatti 9 x 30g - Pack of 2
"Archway Cookies,",1,walmart,O'DAY 누가샌드위치 크래커,"Archway Cookies, Cashew Nougat Cookies, 6 oz"
Rold Gold,1,walmart,미니프레첼,"Rold Gold Original Tiny Twists Pretzels, 16 oz Bag"
DOT'S Original,1,walmart,미니프레첼,"DOT'S Original Seasoned Snack Mix Bag, 14 oz"
DOT'S Homestyle,1,walmart,미니프레첼,"DOT'S Homestyle Pretzels Original Seasoned Pretzel Twists Bags, 1 oz (10 Count)"
Nescaf Gold,1,walmart,네스카페 테이스터스 초이스커피,"Nescaf Gold Espresso Blonde, Instant Coffee, 3.5 oz"
Juan Valdez,1,walmart,네스카페 테이스터스 초이스커피,"Juan Valdez Classic Freeze-Dried Instant Coffee – Premium Colombian, 3.52 oz"
Checkers &,1,walmart,CAVENDISH 크리스피 스파이시,"Checkers & Rally's Famous Seasoned Fries, Frozen 28 oz Bag"
OREO REESE'S,1,walmart,NABISCO 오레오쿠키,"OREO REESE'S Peanut Buttery Creme Chocolate Sandwich Cookies, 12.35 oz"
OREO Zero,1,walmart,NABISCO 오레오쿠키,"OREO Zero Sugar Chocolate Sandwich Cookies, 10 Snack Packs (2 Cookies Per Pack)"
Miss Vickies,1,walmart,프링글스 사워크림&어니언 멀티팩,"Miss Vickies Sour Cream Herb & Onion Kettle Cooked Potato Chips Bag, 7.5 oz"
Snyder of,1,walmart,프링글스 사워크림&어니언 멀티팩,"Snyder of Berlin Sour Cream & Onion Potato Chips, Gluten-Free, 7.75 oz Bag"
Baked Lay’s,1,walmart,레이즈 클래식,"Baked Lay’s 50% Less Fat Original Potato Chips Bag, 6.25 oz"
Lay's Potato,1,walmart,레이즈 클래식,"Lay's Potato Chips, Cheddar & Sour Cream, 7.75 oz Bag"
Lay’s Original,1,walmart,레이즈 클래식,"Lay’s Original Sea Salt Kettle Cooked Potato Chips Bag, 8 oz​"
"Tootsie, Dots",1,walmart,하리보 메가 파티 젤리,"Tootsie, Dots Assorted Fruit Flavored Gumdrops, 6.5 oz. Peanut-Free, Gluten Free.  Theater Box."
Meito Pukupuku,1,walmart,TENKEI 종합 모나카,Meito Pukupuku Tai Taiyaki Chocolate and Strawberry Filled Fish Shaped Monaka Wafer; 6 Counts
Shirakiku Monaka,1,walmart,TENKEI 종합 모나카,Shirakiku Monaka 7.4 oz per Pack (Matcha (Green Tea))
Tokyo No,1,walmart,TENKEI 종합 모나카,Tokyo No (Shiroi) Koibito White Lovers Sweets 12 packs White Chocolate Biscuit Cookie Japan - Tokyo Sakura Mall
Mott's Fruit,1,walmart,GENERAL MILLS 후르츠거거셔스 젤리,"Mott's Fruit Flavored Snacks, Assorted Fruit, Gluten Free Snack, Family Pack, 40 Count, 32 oz"
Gushers Gluten,1,walmart,GENERAL MILLS 후르츠거거셔스 젤리,Gushers Gluten Free Tropical and Strawberry Fruit Flavored Snacks (12 Pouches)
Reese's Pieces,1,walmart,스니커즈 땅콩 펀사이즈,"Reese's Pieces Peanut Butter in a Crunchy Shell Candy Bag, 9 oz"
Mars Mixed,1,walmart,스니커즈 미니스,"Mars Mixed Snickers, Twix, Milky Way, & 3 Musketeers Minis Chocolate Bars - 19.49 oz Bulk Bag"
M&M's Minis,1,walmart,스니커즈 미니스,"M&M's Minis Milk Chocolate Candy Sharing Size, 9.4 oz Bag"
Milky Way,1,walmart,스니커즈 미니스,Milky Way Fun Size Milk Chocolate Candy Bars - 18.47 oz Bag
"M&M's, Snickers",1,walmart,스니커즈 미니스,"M&M's, Snickers & Milky Way Chocolate Candy Variety Mix , Party Size - 19.2 oz Bulk Bag"
REESE'S Miniatures,1,walmart,스니커즈 미니스,"REESE'S Miniatures Milk Chocolate Peanut Butter Cups Candy Share Pack, 9.6 oz"
Reese's Minis,1,walmart,스니커즈 미니스,"Reese's Minis Unwrapped Chocolate Peanut Butter Creme Cups Candy, Bag 7.6 oz"
"Snickers, M&M's",1,walmart,스니커즈 미니스,"Snickers, M&M's & Twix Fun Size Chocolate Candy Variety Pack, Sharing Size - 8.85 oz Bag"
Feastables MrBeast,1,walmart,스니커즈 미니스,"Feastables MrBeast Milk Chocolate Bar, 1.24 oz (35g), 5 Count"
Skippy Super,1,samsclub,스키피 크런치 땅콩버터,"Skippy Super Chunk Peanut Butter, 48 oz., 2 pk."
KIND Protein,1,samsclub,스키피 크런치 땅콩버터,KIND Protein Dark Chocolate Nut and Crunchy Peanut Butter Variety Pack 14 ct.
Simply Ruffles,1,samsclub,프링글스 오리지널 멀티팩,"Simply Ruffles Sea Salted Flavored Potato Chips, 13.5 oz."
Minh Frozen,1,samsclub,CAVENDISH 크리스피 스파이시,"Minh Frozen Large Pork Egg Rolls, 44 oz., 2 PK"
Lay's Mix,1,samsclub,프링글스 사워크림&어니언 멀티팩,"Lay's Mix Variety Pack Potato Chips, 30 pk."
Miss Vickie's,1,samsclub,레이즈 클래식,"Miss Vickie's Kettle Cooked Potato Chips Variety Pack, 30 pk."
Frito-Lay Baked,1,samsclub,레이즈 클래식,"Frito-Lay Baked Mix Chips, Variety Pack, 30 ct."
French's Original,1,samsclub,CAVENDISH 스트레이트컷 감자,"French's Original Crispy Fried Onions, 26.5 oz."
Tandy Belly,1,samsclub,하리보 골드베렌,"Tandy Belly Bears Gummy Candies with Probiotics, 0.88 oz., 12 ct."
Jif-To-Go Creamy,1,samsclub,스키피 크리미 땅콩버터,"Jif-To-Go Creamy Peanut Butter, 36 ct."
Skippy Natural,1,samsclub,스키피 크리미 땅콩버터,"Skippy Natural Creamy Peanut Butter Spread, 48 oz., 2 pk."
Extra! Chunky,1,samsclub,LES COMTES DE PROVENCE 멀티베리 스프레드,"Extra! Chunky Avocado Spread 2 oz. cups, 16 ct."
Doritos Simply,1,samsclub,도리토스 나초칩,"Doritos Simply NKD Nacho Cheese Flavored Tortilla Chips, 18.375 oz."
Lance Toasty,1,samsclub,NABISCO 리츠 오리지널,"Lance Toasty Peanut Butter Sandwich Crackers, 1.29 oz., 40 pk."
Kinder's Brown,1,samsclub,S&B생와사비,"Kinder's Brown Butter & Herbs Homestyle Stuffing Mix, 24 oz."
Kinder's Sticky,1,samsclub,S&B생와사비,"Kinder's Sticky Honey and Sweet & Tangy Wing & Dipping Sauces, 2 pk."
Kinder's Buttery,1,samsclub,S&B생와사비,"Kinder's Buttery Buffalo Wing Sauce, 23.5 oz."
Kinder's Teriyaki,1,samsclub,S&B생와사비,"Kinder's Teriyaki Marinade Sauce, 27.5 oz."
Nissin Cup,1,samsclub,S&B 골든카레 (중간맛/매운맛),"Nissin Cup Noodles, Chicken Flavor 2.25 oz., 24 ct."
Samyang MEP,1,samsclub,S&B 골든카레 (중간맛/매운맛),"Samyang MEP Ramen Bowl, Red Pepper and Chicken & Cilantro, 6 pk."
Pacific Bone,1,samsclub,S&B 골든카레 (중간맛/매운맛),"Pacific Bone Broth, Unsalted, 32 oz., 3 pk."
Cup Noodles,1,samsclub,S&B 골든카레 (중간맛/매운맛),"Cup Noodles Protein, Hot and Spicy Chicken, 12 pk."
Nerds Classic,1,samsclub,DR.Q 과즙젤리 4종,"Nerds Classic Fun, Halloween Candy, Variety Mix Bag, 105.7 oz, 430 pcs."
Brach's Soft,1,samsclub,DR.Q 과즙젤리 4종,"Brach's Soft Peppermint Candies, 350 pcs."
Skittles Sour,1,samsclub,트롤리 사우어 구미,"Skittles Sour Fruity Chewy Candy, Full Size, 1.8 oz., 24 pk."
Starburst Sour,1,samsclub,트롤리 사우어 구미,"Starburst Sour Chewy Candy, 2.07 oz., 24 pk."
"Cheerios Cereal,",1,samsclub,GENERAL MILLS 골든그레이엄,"Cheerios Cereal, 40.7 oz."
Froot Loops,1,samsclub,GENERAL MILLS 골든그레이엄,"Froot Loops Breakfast Cereal, 43.6 oz."
belVita Blueberry,1,samsclub,GENERAL MILLS 골든그레이엄,"belVita Blueberry Breakfast Biscuits, 4 biscuits per pack, 25 pk."
NuTrail Low,1,samsclub,GENERAL MILLS 시나몬토스트크런치,"NuTrail Low Carb Keto Nut Granola, Cinnamon Pecan, 22 oz."
General Mills,1,samsclub,GENERAL MILLS 시나몬토스트크런치,"General Mills Cereal Cups, Variety Pack, 12 pk."
Life Cinnamon,1,samsclub,GENERAL MILLS 시나몬토스트크런치,"Life Cinnamon Multigrain Cereal, 62 oz."
belVita Cinnamon,1,samsclub,GENERAL MILLS 시나몬토스트크런치,"belVita Cinnamon Brown Sugar Breakfast Biscuits, 25 pk., 4 biscuits per pack"
Lucky Charms,1,samsclub,GENERAL MILLS 시나몬토스트크런치,"Lucky Charms and Cinnamon Toast Crunch Mini Treat Bars, 42 ct."
Members Mark,1,samsclub,O'DAY 누가샌드위치 크래커,"Members Mark Mini Cookies Variety Pack, 1 oz., 36 pk."
Oreo BTS,1,samsclub,O'DAY 누가샌드위치 크래커,"Oreo BTS & OREO Double Stuf Cookies Variety Pack, 1.02 oz., 40 pk."
Keebler Mini,1,samsclub,O'DAY 누가샌드위치 크래커,"Keebler Mini Fudge Stripe Cookies, 2 oz., 36 ct."
Hellmann's Purely,1,samsclub,하인즈 굿마요네즈,"Hellmann's Purely 100% Avocado Oil Mayonnaise, 32 oz."
Pringles Honey,1,walmart,프링글스 오리지널 멀티팩,"Pringles Honey Mustard Potato Crisps Chips, Lunch Snacks, 5.5 oz Canister"
Pringles Ranch,1,walmart,프링글스 오리지널 멀티팩,"Pringles Ranch Potato Crisps Chips, Lunch Snacks, 5.5 oz Canister"
Munchos Classic,1,walmart,프링글스 오리지널 멀티팩,"Munchos Classic Flavor Potato Snack Chips, 4.25 Ounce Bag"
(14 pack),1,walmart,프링글스 오리지널 멀티팩,"(14 pack) Pringles Dill Pickle Potato Crisps Chips, Lunch Snacks, 5.5 oz Canister"
Ore-Ida Extra,1,walmart,CAVENDISH 크리스피 스파이시,"Ore-Ida Extra Crispy Fast Food Fries French Fried Frozen Potatoes, 1 Bag, for Easy Snacks and Dinner Sides, Gluten-Free, 26 oz"
Snyder's Mini,1,samsclub,미니프레첼,"Snyder's Mini Pretzels, 1.5 oz., 60 pk."
Utz Mini,1,samsclub,미니프레첼,"Utz Mini Twist Pretzels, 60 oz."
Utz Protein,1,samsclub,미니프레첼,"Utz Protein Sea Salt Mini Twists Pretzels, 20 oz."
Snack Factory,1,samsclub,미니프레첼,"Snack Factory Variety Pack Pretzel Crisps, 1.5 oz., 24 pk."
Everyday Dose,1,samsclub,네스카페 테이스터스 초이스커피,Everyday Dose Medium Roast Coffee+
Maud's Instant,1,samsclub,네스카페 테이스터스 초이스커피,"Maud's Instant Coffee Sticks, Variety Pack, 48 ct."
Starburst &,1,samsclub,하리보 메가 파티 젤리,"Starburst & Skittles Chewy Candy, Variety Box, Full Size, 30 pk."
Ferrara Assorted,1,samsclub,하리보 메가 파티 젤리,"Ferrara Assorted Party Mix, Variety Mix Bag, 40.9 oz, 120 pcs."
HI-CHEW Fantasy,1,samsclub,하리보 메가 파티 젤리,"HI-CHEW Fantasy Mix Variety Pack Chewy Candy, 27.2 oz."
Fun Sweets,1,samsclub,하리보 메가 파티 젤리,"Fun Sweets Summer Cotton Candy Variety Pack,  2 oz.,12 pk."
Vita Coco,1,samsclub,TENKEI 종합 모나카,"Vita Coco Farmers Organic Coconut Water, 33.8 fl. oz., 6 pk."
Kar's Sweet,1,samsclub,GENERAL MILLS 후르츠 롤업 젤리,"Kar's Sweet 'n Salty Trail Mix, 2 oz., 40 pk."
Gushers Tropical,1,samsclub,GENERAL MILLS 후르츠거거셔스 젤리,"Gushers Tropical Flavored Snacks, 4.25 oz., 8 pk."
Snickers Milk,1,samsclub,스니커즈 땅콩 펀사이즈,"Snickers Milk Chocolate Candy Bars, Full Size, 1.86 oz., 48 pk."
REESE'S Milk,1,samsclub,스니커즈 땅콩 펀사이즈,"REESE'S Milk Chocolate Peanut Butter Cups, 1.5 oz., 36 pk."
SNICKERS Chocolate,1,samsclub,스니커즈 땅콩 펀사이즈,"SNICKERS Chocolate Caramel Peanut Butter Ice Cream Bars, Frozen, 2 oz., 24 ct."
Chex Mix,1,samsclub,스니커즈 땅콩 펀사이즈,"Chex Mix Peanut Butter Chocolate Treat Bars, 20 pk."
KIND Snack,1,samsclub,스니커즈 땅콩 펀사이즈,"KIND Snack Bars Variety Pack, Dark Chocolate Nuts & Sea Salt and Peanut Butter Dark Chocolate, 18 ct."
Mars Milk,1,samsclub,스니커즈 미니스,"Mars Milk Chocolate Variety Pack Candy, 145 pcs."
Pillsbury Soft,1,samsclub,스니커즈 미니스,"Pillsbury Soft Baked Mini Chocolate Chip Cookies, 1.5 oz., 28 pk."
Mars Minis,1,samsclub,스니커즈 미니스,"Mars Minis Chocolate Candy Bars Variety Pack, 200 ct."
Cooper Street,1,samsclub,스니커즈 미니스,"Cooper Street Mini Twice-Baked Cookies, Brownie Chocolate Crunch, 18 oz."
Ferrero Halloween,1,samsclub,스니커즈 미니스,"Ferrero Halloween Candy, Variety Pack, 200 pcs."
Mars Halloween,1,samsclub,스니커즈 미니스,"Mars Halloween Variety Pack Candy, Mini & Fun Size, 185 pcs."
MadeGood Soft,1,samsclub,스니커즈 미니스,"MadeGood Soft Baked Cookie Bites Variety Pack, 0.85 oz., 32 pk."
Gortons Crunchy,1,walmart,카네후쿠 짜먹는 명란젓갈,"Gortons Crunchy Breaded Fish Sticks, Wild Caught Pollock, 52 Count"
bettergoods Wild-Caught,1,walmart,카네후쿠 짜먹는 명란젓갈,"bettergoods Wild-Caught Breaded Alaska Pollock Nuggets, 18 oz"
GEM,1,walmart,OLITALIA 엑스트라버진 올리브유,"GEM Extra Virgin Olive Oil for Seasoning and Finishing, 8.5 fl oz"
Iberia Premium,1,walmart,OLITALIA 엑스트라버진 올리브유,Iberia Premium Blend Sunflower Oil & Extra Virgin Olive Oil 51 fl oz
Duke's® Real,1,walmart,하인즈 굿마요네즈,"Duke's® Real Mayonnaise, 30 oz Jar, Smooth & Creamy Mayo"
Blue Plate,1,walmart,하인즈 굿마요네즈,"Blue Plate Real Mayonnaise, 30 fl oz Jar"
Duke's Real,1,samsclub,하인즈 굿마요네즈,"Duke's Real Mayonnaise, 64 fl. oz."
McCormick Mayonesa,1,samsclub,하인즈 굿마요네즈,"McCormick Mayonesa Mayonnaise with Lime Juice, 28 fl. oz., 2 pk."
Ghosthorn Fishing,1,walmart,카네후쿠 짜먹는 명란젓갈,"Ghosthorn Fishing Rod and Reel Combo, Graphite Telescoping Fishing Pole Collapsible Portable Travel Kit"
Trident Seafoods,1,walmart,카네후쿠 짜먹는 명란젓갈,"Trident Seafoods Oven Ready Whole Grain Pollock Nugget, 1 Ounce - 1 each."
Entree Redi,1,walmart,카네후쿠 짜먹는 명란젓갈,"Entree Redi Alaska Pollock Loin Portions, 4.5 Ounce -- 1 each"
Viking Whole,1,walmart,카네후쿠 짜먹는 명란젓갈,"Viking Whole Grain Rich 3.6 Ounce Alaskan Pollock Fillet, 10.35 Pound -- 1 each."
Mrs Fridays,1,walmart,카네후쿠 짜먹는 명란젓갈,"Mrs Fridays Craft Beer Battered Alaskan Pollock, 2.5 Pound -- 4 per case"
SharkTRUE Butcher's,1,walmart,카네후쿠 짜먹는 명란젓갈,"SharkTRUE Butcher's Twine 5 Rolls, 230ft per Roll - Heavy Duty Food Safe Cotton String for Cooking, BBQ, Baking & Sausage Making"
Live Ocean,1,samsclub,카네후쿠 짜먹는 명란젓갈,"Live Ocean Seafood Sweet Thai Chili Butter Coho Salmon, Frozen, 5 ct."
Hot Kid,1,walmart,덴로쿠 스낵믹스 (개별포장 믹스),"Hot Kid Shelly Senbei Japanese Style Rice Crackers, 5.3 oz Pouch, 12 packs of 2 pieces, Crunchy Rice Crackers"
Amanoya Himemaru,1,walmart,덴로쿠 스낵믹스 (개별포장 믹스),"Amanoya Himemaru Japanese Rice Crackers, 3.45 oz"
JFC Rice,1,walmart,덴로쿠 스낵믹스 (개별포장 믹스),"JFC Rice Cracker Mix, 12 oz"
Kunin Rigato,1,walmart,덴로쿠 스낵믹스 (개별포장 믹스),"Kunin Rigato Mix, Premium Asian Rice Crackers 12 oz."
Shirakiku Japanese,1,walmart,덴로쿠 스낵믹스 (개별포장 믹스),"Shirakiku Japanese Traditional Seaweed Rice Crackers, 85 Gm"
KUNIN SPICY,1,walmart,덴로쿠 스낵믹스 (개별포장 믹스),KUNIN SPICY RIGATO MIX PREMIUM ASIAN RICE CRACKERS 10 VARIETIES INSIDE 12 OZ 340 G VALUE PACK
SweetGourmet Oriental,1,walmart,덴로쿠 스낵믹스 (개별포장 믹스),"SweetGourmet Oriental Rice Crackers, All-Natural Asian Snack Mix, 1 Pound"
Thomas' Original,1,samsclub,맥비티 다이제스티브 투고,Thomas' Original Nooks & Crannies English Muffins 12 ct.
Pillsbury Southern,1,samsclub,맥비티 다이제스티브 투고,"Pillsbury Southern Style Biscuits 2 oz., 24 pk."
