key,리콜,품질표시,법적평판,5년이내,비고,조사일
bertolli,통과,탈락,탈락,X,투명병 유통에 따른 산화 이슈 지적(UC Davis 관련 보도) · 2016년 원산지·EVOO 등급 허위표시 집단소송 $700만 배상 합의(Koller v. Deoleo),2026-07-23
pompeian,통과,탈락,탈락,X,감각평가에서 EVOO 등급 기준 미달(산패·풍미결함) 샘플 지적 · Bertolli 등 10개 브랜드와 함께 EVOO 허위표시 집단소송 피고 포함(플로리다주),2026-07-23
chosen foods,통과,통과,통과,-,UC Davis 2020 아보카도오일 순도연구서 22개 브랜드 중 순도 100% 통과 단 2곳 중 하나로 확인,2026-07-23
betterbody foods,통과,통과,통과,-,UC Davis 아보카도오일 순도연구 대상 브랜드 목록엔 포함되나 이 브랜드를 특정한 부적합 판정은 검색결과에 없음,2026-07-23
hellmann,통과,통과,통과,-,'With Olive Oil'(올리브유 첨가) 라인 한정 집단소송 있음(Hite v. Unilever, 올리브유 함량 과장표기) — 이번에 노출된 'Real Mayonnaise'(정통 마요네즈) 제품과는 무관. 'Just Mayo' 명칭소송은 철회(2015)
member's mark,통과,통과,통과,-,동일 PB의 타품목(냉동건조과일-리스테리아 2025 / Super Greens-살모넬라)서 리콜 있었으나 이 유형(올리브유·아보카도오일·마요네즈)과는 무관,2026-07-23
great value,통과,통과,통과,-,검색결과 특이사항 없음,2026-07-23
duke's,통과,통과,통과,-,브랜드명으로 검색했으나 리콜·소송·품질 이슈 검색결과 없음,2026-07-23
terra delyssa,통과,통과,통과,-,브랜드명으로 검색했으나 리콜·소송·품질 이슈 검색결과 없음,2026-07-23
smash kitchen,통과,통과,통과,-,걸리는 리콜·소송·품질 이슈 없음,2026-07-23
carapelli,탈락,탈락,탈락,X,2015년 정제공정 문제로 조기변질·잔류농약 검출 리콜(20개주) · 2014년 원산지·EVOO 등급 허위표시 집단소송(2018년 합의) · 이탈리아 반독점당국 라벨링 위반 벌금,2026-07-23
iliada,통과,통과,통과,-,브랜드명으로 검색했으나 리콜·소송·품질 이슈 검색결과 없음,2026-07-23
pam,통과,통과,탈락,O,에어로졸 캔 폭발·화상 다수 소송(2019년 이후, 배상 판결 최대 $2500만) · 정식 리콜은 없었음(제조사 캔 재설계만 진행) · 오일 자체 순도 이슈는 아님
kraft,탈락,탈락,통과,X,Kraft Real Mayo(레몬즙) 이물질(벌레) 혼입으로 4천여 케이스 리콜(FDA) · 별도 소송 이력은 검색결과 없음,2026-07-23
tropical plantation,통과,탈락,통과,O,2024년 NAD(광고자율심의기구)가 '100% 순수 아보카도오일' 표시 근거 불충분 판정→표시 중단 권고(Chosen Foods 제소) · 정식 소송·제재는 아님,2026-07-23
heinz,통과,통과,통과,-,브랜드명으로 검색했으나(마요네즈/케찹 라인 기준) 리콜·소송·품질 이슈 검색결과 없음,2026-07-23
nature valley,탈락,통과,탈락,X,2016년 리스테리아 우려로 그래놀라바 일부 리콜(공급업체발) · '100% natural' 표시 관련 집단소송 합의 후 표시 삭제(글리포세이트 검출 주장),2026-07-23
rao's,탈락,통과,통과,O,견과류 미표기(로스티드 레드페퍼) 및 라벨 오류(치킨뇨끼 수프) 관련 소규모 리콜 있었음 · 별도 소송 확인 안 됨,2026-07-23
jif,탈락,통과,탈락,O,2022년 살모넬라 오염으로 대규모 리콜(제조시설발) · 다수 집단소송 진행,2026-07-23
smucker's,통과,통과,통과,-,잼·스프레드 라인 자체 이슈 검색결과 없음(계열사 Jif 땅콩버터의 2022 살모넬라 리콜과는 별개 제품),2026-07-23
doritos,탈락,통과,통과,O,특정 로트 알레르겐(대두·밀) 미표기로 소규모 리콜(2023-24) · 별도 소송 확인 안 됨,2026-07-23
cheez-it,통과,통과,통과,-,검색결과 특이사항 없음,2026-07-23
oreo,탈락,통과,통과,X,Fudge Cremes 일부 제품 우유알레르겐 미표기 리콜 · (Mondelez가 Aldi 상대 상표소송의 원고측이며 Oreo가 피소된 사례는 아님),2026-07-23
welch's,통과,통과,탈락,O,프루트스낵/젤리 '무방부제'·'천연' 표시 관련 집단소송 다수 진행,2026-07-23
bonne maman,탈락,통과,탈락,O,무화과잼 곰팡이 우려로 리콜(특정 로트) · '프랑스산' 표시가 실제 벨기에 생산분도 포함해 기만적이라는 집단소송 진행중,2026-07-23
pepperidge farm,탈락,통과,탈락,O,Goldfish 크래커 살모넬라 리콜(대규모) · 피해자 소송 다수(위탁 유청분말 공급업체발),2026-07-23
minute maid,탈락,통과,통과,X,금속조각 혼입 우려로 일부 제품 리콜(8개주) · 별도 소송 확인 안 됨,2026-07-23
maille,통과,통과,통과,-,검색결과 특이사항 없음,2026-07-23
lee kum kee,통과,통과,통과,-,캘리포니아주 Prop65(중금속 경고표시) 통지 사례 있으나 일반적 미량검출 통지 수준 · 리콜·정식소송 없음,2026-07-23
a.1.,통과,통과,통과,-,검색결과 특이사항 없음,2026-07-23
wheat thins,통과,탈락,탈락,O,'100% whole grain' 표시 근거 부족 지적 · 집단소송 $1000만 배상 합의(2025),2026-07-23
apple & eve,통과,통과,탈락,X,'무방부제'·'무설탕첨가' 표시가 실제와 다르다는 집단소송 다수(2018~),2026-07-23
sour patch,탈락,통과,통과,O,2023년 Yellow 5 색소 미표기로 워터멜론 젤리빈 리콜 · 플로리다주가 비소 함량 관련 조사 진행(확정 제재 아님) · 별도 브랜드 자체 소송 확인 안 됨,2026-07-23
nerds,통과,탈락,탈락,O,2026년 2월 Ferrara Candy 상대 집단소송(비소 함유 주장, 플로리다주 검사 근거) · 정식 리콜은 아직 없음(2026-03 기준),2026-07-23
trolli,통과,탈락,탈락,O,2026년 2월 Ferrara Candy(제조사) 상대 집단소송 대상 제품 중 하나(비소 함유 주장) · 정식 리콜은 아직 없음,2026-07-23
mcvitie's,통과,통과,통과,-,바코드 오류로 특정 로트만 소규모 회수(안전문제 아님) · 아크릴아마이드 관련 Prop65 통지는 제기 후 철회됨(2021),2026-07-23
life savers,탈락,통과,통과,O,2022년 금속조각(가는 철사) 혼입 우려로 젤리 제품 리콜(Mars Wrigley) · 별도 소송 확인 안 됨,2026-07-23
haribo,탈락,통과,통과,O,2026년 대마초 오염 젤리 리콜(네덜란드/EU) · 별도 소송 확인 안 됨,2026-07-23
pringles,탈락,통과,통과,O,2026년 1월 미네소타 저장시설 위생문제(설치류·해충 흔적)로 FDA 리콜 대상(약 2000개 품목 중 하나) · 별도 소송 확인 안 됨,2026-07-23
snyder's,통과,탈락,탈락,O,'통곡물'·'천연꿀'·'진짜버터' 표시가 실제와 다르다는 집단소송 다수 진행중,2026-07-23
nescafe,탈락,통과,통과,X,2010년 유리조각 혼입 우려로 리콜(캐나다, 오래된 사례) · 최근 이슈 없음,2026-07-23
folgers,통과,탈락,탈락,O,캔 표시 서빙수 대비 실제 내용량 부족('bait-and-switch') 집단소송 진행,2026-07-23
ore-ida,탈락,통과,통과,O,2025-2026년 타터탓 플라스틱 조각 혼입 우려로 리콜(제조사 McCain, 26개주) · 별도 소송 확인 안 됨,2026-07-23
cheerios,탈락,통과,통과,X,2015년 글루텐프리 표시 제품에 밀가루 혼입 리콜(180만 박스, 공정 실수) · 최근 이슈는 확인 안 됨,2026-07-23
nutella,탈락,통과,통과,O,2026년 1월 미네소타 저장시설 위생문제로 FDA 리콜 대상 품목에 포함(Pringles와 동일 건) · 별도 소송 확인 안 됨,2026-07-23
yo mama's,통과,통과,통과,-,Yo Mama's Foods 관련 리콜·소송 검색결과 없음(41개주 파스타소스 살모넬라 리콜 등은 타 브랜드 건으로 무관),2026-07-23
belgioioso,탈락,통과,통과,O,고르곤졸라 치즈 리스테리아 우려 예방적 자진리콜 · 노출 제품(프레시 모짜렐라)과는 별개 라인 · Hermans v. BelGioioso(2025)는 노동임금 소송으로 제품표시와 무관,2026-07-23
cracker jack,통과,통과,통과,-,제품 리콜·허위광고 검색결과 없음(관련 TCPA 소송은 텔레마케팅 건으로 제품과 무관),2026-07-23
mott's,통과,통과,통과,-,2024 비소 사과주스 리콜은 Refresco 생산 PB(Great Value 등) 건으로 Mott's와 무관 · Mott's 자체 리콜·소송 없음,2026-07-23
del monte,탈락,통과,통과,O,2025.3 Target용 컷그린빈 197808캔 이물질 리콜 · 2025.7 챕터11 파산신청(채권자 소송은 재무건으로 제품표시 무관),2026-07-23
simply lemonade,통과,통과,통과,-,Simply 브랜드 PFAS 집단소송 제기됐으나 2회 각하(증거불충분·Coca-Cola 승소) · 리콜 없음,2026-07-23
ocean spray,통과,탈락,탈락,O,'인공향료 무첨가' 허위표시 집단소송 $540만 합의(말산·CranApple/CranGrape) · 2024 '방부제 무첨가' 표시 집단소송(아스코르브산) · 리콜 이력은 없음,2026-07-23
cretors,통과,통과,통과,-,브랜드명(G.H. Cretors)으로 검색했으나 리콜·소송·품질 이슈 검색결과 없음,2026-07-23
garrett popcorn,통과,통과,통과,-,제품 리콜 없음 · 소송은 영업비밀 도용/부당해고 등 고용·내부 분쟁(합의 종결)이며 소비자 제품이슈와 직접 관련 없음,2026-07-23
la tourangelle,탈락,통과,통과,X,2019 중국판매 호두유 5개 배치 프탈레이트(DEHP) 검출·2개 초과로 중국 전자상거래 회수 · Mamavation 아보카도오일 프탈레이트 검출 보고(정식 소송·미국 리콜은 아님),2026-07-23
texas pete,탈락,탈락,탈락,O,'Texas Pete' 원산지 허위표시 집단소송(2022·각하신청 기각·실제 노스캐롤라이나 제조) · 하바네로버팔로/스위트차바네로 소스 미표시 아황산염·내용물 불일치로 10개주 리콜,2026-07-23
its delish,통과,통과,통과,-,브랜드명(Its Delish)으로 검색했으나 리콜·소송·품질 이슈 검색결과 없음,2026-07-23
catalina crunch,탈락,통과,통과,O,2023.2 금속 이물질 우려로 시리얼·스낵믹스 30만개+ 자진리콜(21개주·질병보고 없음),2026-07-23
pure protein,통과,통과,통과,-,정식 리콜·소송 없음 · 일부 제3자 검사서 중금속(납) 중위험 언급 있으나 1차 검사자료·규제조치·리콜 없음(Orgain 등 타 브랜드 중금속 소송과 무관),2026-07-23
hungry jack,탈락,통과,통과,X,2019 오리지널 팬케이크&와플믹스 살모넬라 우려 자진리콜(약 9500케이스·J.M. Smucker) · 노출 제품(해시브라운)과는 다른 품목,2026-07-23
nescafé,탈락,통과,통과,X,Nescafé/Nestlé 브랜드 — 기존 'nescafe' 검증과 동일(2010 유리조각 혼입 우려 리콜·해외/구건) · 악센트 표기 변형(Clasico/Clásico/Taster's) 매칭용,2026-07-23
country time,탈락,탈락,탈락,O,2023 금속·유리조각 혼입 우려로 Kraft Heinz 자진리콜(레모네이드 파우더·Kool-Aid 등 동반) · '8쿼트 제조' 표기 과장(실제 약 6쿼트) 집단소송,2026-07-23
goldfish,탈락,탈락,탈락,O,2018 유청분말 살모넬라 우려로 4종 330만개 자진리콜→피해자 소송 · '구운 골드피시 방부제 무첨가' 허위표시 집단소송(각하신청 기각·최근) · Pepperidge Farm 제품,2026-07-23
sweet baby ray,통과,통과,통과,-,브랜드명(Sweet Baby Ray's)으로 검색했으나 리콜·소송·품질 이슈 검색결과 없음,2026-07-23
fruit roll-ups,통과,탈락,탈락,X,'리얼 프루트/딸기' 허위표시 집단소송 합의(2014·실제 딸기 미함유·라벨수정 합의) · '천연' 표기 집단소송 · 리콜 이력은 없음(General Mills),2026-07-23
tai pei,탈락,통과,통과,O,2026 Ajinomoto 유리조각 혼입(당근 원료) 대규모 리콜(약 3700만 파운드·Tai Pei 포함) · 2016 리스테리아(CRF) 리콜 · 관련 집단소송은 논의단계,2026-07-23
triscuit,통과,통과,통과,-,Triscuit 자체 리콜·소송 없음(Nabisco 계열 Ritz 살모넬라 리콜·'홀그레인/스톤휠' 표기 소송은 다른 제품 건으로 무관),2026-07-23
kodiak,탈락,탈락,탈락,O,프로틴 파워와플 리스테리아·연질플라스틱 혼입 리콜(Class II·7300박스) · 표기 단백질(14g)보다 약 17% 부족 및 %DV 미표기 집단소송,2026-07-23
quest,탈락,탈락,탈락,O,2018 바닐라아몬드크런치바 아몬드 미표시 리콜 · '화이트초콜릿 라즈베리' 화이트초콜릿 미함유 허위표시 집단소송 · 2026 RTD 프로틴셰이크 납 초과 무경고 집단소송(캘리포니아),2026-07-23
freshness guaranteed,탈락,통과,통과,O,2023 치킨프라이드라이스 리스테리아 리콜(약 13842파운드) · 2024 컷과일(사과·포도 등) 리스테리아 리콜 · 2025 치킨페투치니알프레도 리스테리아 사망 outbreak 관련(Walmart 판매) · Walmart PB,2026-07-23
vaseline,통과,통과,통과,-,Vaseline(Unilever) 자체 리콜·소송 없음 · 2025 페트롤리엄젤리 리콜은 Rite Aid/CVS/Kroger 등 PB 라벨혼동 건으로 무관 · 벤젠 소송은 선크림·데오도런트 등 타 카테고리,2026-07-23
primal kitchen,탈락,통과,통과,O,아보카도오일(750mL 유리병) 파손 우려 자진리콜(약 2060케이스) · 케첩 중금속은 개인 블로거 검사수준으로 규제·소송 아님 · Primal Pet Foods(반려동물사료)는 별개 회사로 무관,2026-07-23
gushers,통과,탈락,통과,O,'인공향료 무첨가' 표기에 말산(인공향료) 함유 집단소송(2022·이후 취하) · 2011 건강표방 표시 집단소송(CSPI) · 리콜 이력은 없음(General Mills),2026-07-23
lay's,탈락,통과,통과,O,2024.12 클래식 감자칩 우유 미표시 알레르겐 리콜(FDA Class I 최고위험·약 6344봉·오리건/워싱턴) · Frito-Lay,2026-07-23
built bar,탈락,탈락,통과,O,2022 바나나크림파이퍼프바 대장균(E.coli) 우려 자진리콜(약 4000개) · 2024 표기 단백질(17g)보다 부족 집단소송($500만+) · Blue Unicorn 건은 Built가 원고(영업비밀),2026-07-23
good good,통과,통과,통과,-,브랜드(Good Good) 자체 리콜·소송 검색결과 없음(2025 감미료 라벨혼동 리콜은 NuNaturals 등 타 브랜드 건으로 무관),2026-07-23
lance,탈락,탈락,통과,O,오이스터크래커 땅콩 잔류물 미표시 알레르겐 리콜 · '홀그레인' 함량 오인 집단소송(Snyder's-Lance) · 2018 Emerald 글레이즈드월넛 견과 미표시 리콜(계열 타품목),2026-07-23
takis,통과,통과,통과,-,공식 리콜 없음 · 매운맛 스낵 위장염 관련 개인 주장·언론보도 있으나 성공한 소송·규제조치 없음(회사측 FDA 기준 충족 입장·발암/사망설은 Snopes 허위판정),2026-07-23
on the border,탈락,통과,통과,X,2015 카페스타일 토르티야칩 우유 미표시 알레르겐 리콜(Truco Enterprises·15개주) · 정식 소송은 없음,2026-07-23
absolutely gluten free,통과,통과,통과,-,브랜드(Absolutely Gluten Free) 자체 리콜·소송 검색결과 없음,2026-07-23
marketside,탈락,통과,통과,O,2025 아이스버그/슈레드양상추 사이클로스포라 리콜(27개주) · 2025 그릴드치킨페투치니알프레도 리스테리아 사망 outbreak 리콜(13개주 17명) · 컷오이·피자 등 다수 리콜 이력 · Walmart PB,2026-07-23
tostitos,탈락,통과,통과,O,2025 Cantina 옐로우콘 토르티야칩 우유 미표시 알레르겐 리콜(FDA Class I·약 1300봉·13개주) · 볼모양칩 관련 소송은 과거 상표/특허건으로 소비자 이슈 아님 · Frito-Lay,2026-07-23
like air,통과,통과,통과,-,브랜드(Like Air·Shark Tank 퍼프콘 스타트업) 리콜·소송 검색결과 없음,2026-07-23
juicy drop,통과,통과,통과,-,브랜드(Juicy Drop·Bazooka Candy) 리콜·소송 검색결과 없음,2026-07-23
s. rosen's,통과,통과,통과,-,브랜드(S. Rosen's·Alpha Baking) 리콜·소송 검색결과 없음(Pillsbury 롤 유리조각 리콜은 타 브랜드로 무관),2026-07-23
ava organics,탈락,통과,통과,X,2017-2018 Ava's 브랜드 오가닉 캐슈/아몬드 리스테리아 리콜(NJ/NY/PA/CT·소량·공급사 이슈·FDA 종결) · 노출 제품(코코넛롤)과는 다른 품목이며 동일 법인 여부는 확정 곤란(참고 플래그),2026-07-23
opopop,통과,통과,통과,-,브랜드(Opopop) 리콜·소송 검색결과 없음(SkinnyPop·Popcorn Indiana 등 타 브랜드 건과 무관),2026-07-23
fusion select,통과,통과,통과,-,브랜드(Fusion Select) 리콜·소송 검색결과 없음,2026-07-23
reese's,통과,탈락,탈락,O,'카빙 아트 디자인' 없음 포장 허위광고 집단소송($500만·2023-24 할로윈 테마 제품) · '화이트 리세스' 화이트초콜릿 미함유 표시 집단소송 · 리콜 이력은 없음(Hershey),2026-07-23
lea & perrins,통과,통과,통과,-,2005 우스터소스 Sudan1 색소 리콜 사태에서 Lea & Perrins는 오염 원료 미사용으로 대상 아님 · 브랜드 자체 리콜·소송 검색결과 없음,2026-07-23
simply potatoes,탈락,통과,통과,X,냉동감자/해시브라운 리스테리아 리콜(2009) · 유리조각 혼입 리콜(2005·사우스다코타) · 모두 5년 이전 건(Northern Star),2026-07-23
crunch 'n munch,통과,탈락,통과,X,'트랜스지방 0g' 표기 허위광고 집단소송(ConAgra·2014-15·부분경화유 함유 주장) · 리콜 이력은 없음,2026-07-23
skippy,탈락,통과,통과,O,2022 감량지방/식물성단백질혼합 땅콩버터 스테인리스강 조각 혼입으로 약 161692파운드 리콜(18개주·Hormel) · 확정 소송은 없음,2026-07-23
club crackers,통과,통과,통과,-,Club Crackers(Kellanova/Keebler) 자체 리콜·소송 특정 검색결과 없음(2024 플라스틱 이물질 리콜 급증은 업계 일반동향),2026-07-23
jolly rancher,탈락,통과,통과,O,2025-26 영국 FSA가 미네랄오일(MOAH/MOSH·발암우려·UK규정 금지) 검출로 Jolly Rancher(하드캔디·구미 등) 리콜/판매중단·Hershey UK공급 중단 · 미국은 FDA 별도조치 없이 계속 판매,2026-07-23
capri sun,탈락,통과,통과,O,2022 와일드체리 파우치 세척용액 혼입으로 5700+케이스 리콜(Kraft Heinz·구토·설사 신고) · 개인상해 소송 거론되나 확정 집단소송·합의는 미확인,2026-07-23
skittles,통과,통과,통과,-,2022 이산화티타늄(TiO2) 함유 '식용 부적합' 집단소송(Mars) 제기됐으나 원고 자진취하(2022.10) · 미국은 TiO2 합법(FDA)·EU는 금지 · 리콜 없음,2026-07-23
pop secret,통과,통과,통과,-,디아세틸 2007 제거(현재 무첨가) · '팝콘렁' $700만 판결(2012)은 Gilster-Mary Lee 등 대상으로 Pop Secret 아님 · PFAS 집단소송 제기됐으나 결과 미확인 · 리콜 없음,2026-07-23
crystal light,통과,탈락,탈락,O,'천연' 표방하나 인공향료(합성 DL-말산) 함유 집단소송(2019·2022·Kraft Heinz) · 아스파탐은 WHO '발암가능' 분류(2023)하나 FDA 안전입장·규제조치 아님 · 리콜 없음,2026-07-23
classico,통과,통과,통과,-,Classico(Kraft Heinz) 자체 리콜·소송 검색결과 없음(First&Last·Cibo Naturals 페스토 리콜은 타 브랜드로 무관),2026-07-23
bubs,통과,통과,통과,-,브랜드(BUBS Godis·스웨덴 캔디) 리콜·소송 검색결과 없음,2026-07-23
wilde,통과,통과,탈락,O,2025.10 과대포장(슬랙필·내용물 약 33%) 기만 집단소송(Wilde Brands) · 리콜 이력 없음,2026-07-23
zbar,탈락,탈락,탈락,O,2017 Clif Kid Zbar 견과 미표시 알레르겐 리콜 · 원조 Clif Bar/Zbar '건강' 표방 대비 과다당 오인 집단소송 $1200만 합의(최근) · Clif Bar & Company,2026-07-23
airheads,통과,탈락,탈락,O,'트리넛 프리' 표기하나 코코넛오일 함유 알레르겐 오인 집단소송(Perfetti Van Melle) · 리콜 이력 없음,2026-07-23
papa palermo,통과,통과,통과,-,브랜드(Papa Palermo·Cosmopolitan Food Group) 리콜·소송 검색결과 없음,2026-07-23
mccrum,통과,통과,통과,-,브랜드(McCrum·감자가공) 자체 리콜·소송 검색결과 없음(McDonald's·McCain 건은 타 브랜드로 무관),2026-07-23
miracle whip,통과,통과,통과,-,공식 리콜·소송 없음 · 2024 소비자 품질불만(이취·변색) 신고 있으나 공식 리콜 아님 · GMO 지적은 시민단체 수준,2026-07-23
french's,탈락,통과,통과,O,2024.5 크리스피 프라이드 어니언 약 3000개 리콜 · 'Made in USA' 표기 집단소송(McCormick·머스터드씨 캐나다산)은 각하 권고(외국산비중 입증부족) · 머스터드 본품 리콜은 아님,2026-07-23
honey maid,탈락,탈락,탈락,O,2016 테디그레이엄 시나몬 땅콩 미표시 리콜(푸드서비스·Grain Craft 밀가루) · '그레이엄크래커/꿀' 표시 오인 집단소송(주원료 백밀가루·꿀 소량) · Mondelez,2026-07-23
magic spoon,통과,통과,통과,-,공식 리콜·소송 없음 · Lead Safe Mama 개인검사서 프루티맛 납 검출 보고(규제·리콜 아님) · Cheerios 단백질 소송은 타 브랜드 건,2026-07-23
werther's,통과,통과,탈락,X,과대포장(슬랙필·40-60% 빈공간) 집단소송 다수·합의(2018·Storck) · 슈가프리 '혈당 소폭상승' 표기 문제제기 · 리콜 이력 없음,2026-07-23
simple mills,탈락,통과,통과,O,2021 씨솔트 아몬드플라워크래커 치즈맛 오포장으로 우유 미표시 리콜(FDA 종결) · 2020 아크릴아마이드 Prop65 경고요구 민원(캘리포니아·베이크드류 공통 이슈),2026-07-23
dole,탈락,탈락,탈락,O,2025 파인애플 예방적 리콜(Dole 안전경고) · '100% 주스' 표기 허위광고 집단소송 $430만 합의(2017-23·아스코르브/구연산 함유),2026-07-23
everydaze,통과,통과,통과,-,Everydaze 자체 리콜·소송 없음 · 단 콘약(konjac)젤리 카테고리는 질식위험으로 FDA 소형컵 수입경보(35-15)·아동 사망이력·타사 리콜 다수 — 제품형태/규정준수 확인 권장(참고 플래그),2026-07-23
sour punch,통과,통과,통과,-,Sour Punch 자체 리콜·소송 없음 · 제조사 American Licorice의 2013 납 리콜은 Red Vines(블랙 리코리스) 건으로 별개 제품·5년 이전,2026-07-23
kinder's,통과,통과,통과,-,Kinder's(캘리포니아 BBQ소스/시즈닝) 자체 리콜·소송 특정 검색결과 없음(2025 QST BBQ시즈닝 금속조각 리콜은 브랜드귀속 불명확) · Ferrero 'Kinder' 초콜릿 2022 살모넬라 리콜과는 무관한 별개 브랜드,2026-07-23
terry ho's,통과,통과,통과,-,브랜드(Terry Ho's Yum Yum Sauce) 리콜·소송 검색결과 없음,2026-07-23
hapi snacks,통과,탈락,통과,X,'와사비' 표기하나 실제 고추냉이(horseradish) 사용 오인 집단소송(JFC/Hapi·캘리포니아 연방) · Prop65 납·아크릴아마이드·카드뮴 경고표시 · 리콜 이력은 없음,2026-07-23
ruffles,탈락,탈락,탈락,O,올드레스드/파티사이즈 우유 미표시 리콜(9개주·Sam's Club) · '체다&사워크림 인공향료 미표시' 집단소송(2020) · 날카로운 금속 이물질 수술 상해 소송(Costco 판매분) · Frito-Lay,2026-07-23
special k,탈락,통과,통과,X,2013 스페셜K 레드베리 유리조각 혼입 리콜(약 36000박스·전국) · 부상보고·확정 소송 없음 · 5년 이전 건(Kellogg),2026-07-23
just bare,탈락,통과,통과,X,2016 GNP Just BARE 통닭 이물질(모래·흙·의도적 오염사건) 리콜(약 27톤·FBI 조사) · 확정 소송 없음 · 5년 이전,2026-07-23
s&b golden curry,탈락,통과,통과,X,2020 영국 Golden Curry 미디엄핫 셀러리·머스터드 미표시 리콜(JFC UK) · 2023 캘리포니아 Prop65 경고요구 민원(야채 골든커리) · 미국 정식 리콜은 미확인,2026-07-23
fruit by the foot,통과,탈락,탈락,O,'리얼프루트/천연' 표시·건강표방 집단소송(CSPI 합의·'made with real fruit' 각하기각·말산 인공향료 미표시) · 리콜 이력은 없음(General Mills),2026-07-23
r.w. knudsen,탈락,탈락,탈락,O,유기농 블루베리석류주스 '농축재환원(from concentrate) 미표시' 허위광고 집단소송(2023) · Just Pomegranate 품질규격 미달 리콜(안전이슈 아님) · Just Concord 그레이프주스 납 수준 소비자리포트 지적,2026-07-23
love crunch,탈락,탈락,탈락,O,Nature's Path 그래놀라 다수 리콜(2017 Costco 리스테리아·EnviroKidz 글루텐 미표시 등·계열 제품) · '건강' 표방 대비 과다당 허위광고 집단소송(2023) · Love Crunch는 Nature's Path 브랜드,2026-07-23
choccart,통과,통과,통과,-,ChocCart 자체 리콜·소송 없음 · 단 'Dubai 초콜릿' 카테고리는 2025 살모넬라 FDA Class I 리콜·글루텐/밀 표시오류 리콜 다수(피스타치오·크나페 바) — 공급원/규정준수 확인 권장(참고 플래그),2026-07-23
smarties squashies,통과,통과,통과,-,Smarties Squashies(Swizzels UK 구미) 리콜·소송 검색결과 없음 · 미국 Smarties(정제캔디)·Nestlé Smarties와는 별개,2026-07-23
joyride,통과,통과,통과,-,JOYRIDE Sweets 자체 리콜·소송 검색결과 없음(Slime Licker 등 타 사워캔디 리콜과 무관),2026-07-23
parade cotton candy,통과,통과,통과,-,Parade 코튼캔디(식품) 자체 리콜·소송 없음 · 검색된 '코튼캔디 리콜'은 Ambiano 솜사탕 제조기(Aldi·화재위험) 건으로 별개,2026-07-23
macaron bites,통과,통과,통과,-,'Macaron Bites' 브랜드 자체 리콜·소송 없음(Lidl Deluxe 마카롱 알레르겐 미표시·맥앤치즈 바이트 리콜은 타 제품),2026-07-23
m&m,탈락,통과,통과,O,2026 피넛 M&M's 프로모션팩 우유·대두·땅콩 미표시 알레르겐 리콜(20개주·약 6329개) · Mars TiO2 집단소송(2022·Skittles/Starburst 등 포함)은 자진취하 · Mars,2026-07-23
lacroix,통과,탈락,탈락,X,'100% 천연' 표방하나 합성 성분(리날로올·에틸부타노에이트 등 FDA 합성분류) 함유 허위광고 집단소송(2018·National Beverage) · 회사측 천연 에센스오일 유래 반박 · 리콜 이력은 없음,2026-07-23
madegood,탈락,통과,통과,O,2024.12 MadeGood 그래놀라바 금속(브러시 강모) 혼입 리콜(200만개+·미국/캐나다·FDA Class II) · Riverside Natural Foods,2026-07-23
prego,탈락,통과,통과,X,2014 Prego 트래디셔널 이탈리안소스 약 300케이스 변질위험 리콜(Campbell·품질검사 발견·질병보고 없음) · 5년 이전 건,2026-07-23
crofter,통과,통과,통과,-,브랜드(Crofter's Organic) 리콜·소송 검색결과 없음,2026-07-23
rapid fire,통과,통과,통과,-,브랜드(Rapid Fire·머쉬룸/케토 커피) 리콜·소송 없음(Snapchill 캔커피 보툴리누스·에노키버섯 리스테리아 리콜은 타 제품),2026-07-23
oats overnight,통과,통과,통과,-,Oats Overnight 자체 리콜 없음 · 카드뮴·납 관련 Prop65 60일 통지 접수(단백질셰이크·소송 전 단계) · MUSH Foods 단백질함량 집단소송은 별개 브랜드,2026-07-23
totino,탈락,통과,통과,X,2007 Jeno's/Totino's 냉동미트피자 대장균(E.coli O157:H7) 리콜(약 41만 케이스·21명 발병·영아 사망 소송) · '모조치즈' 표시 집단소송은 각하 · 모두 5년 이전(General Mills),2026-07-23
starburst,탈락,통과,통과,O,2022.5 Mars Wrigley 스키틀즈/스타버스트/라이프세이버 구미류 금속조각(가는 스트랜드) 리콜(미국/캐나다/멕시코·제3자 제조) · TiO2 집단소송(2022·자진취하) · Mars,2026-07-23
cinnamon toast,탈락,통과,통과,X,2013 싱글서브 감량당 볼팩(푸드서비스) 살모넬라 우려 예방적 리콜(약 168케이스·질병보고 없음·General Mills) · 5년 이전,2026-07-23
carbone,통과,통과,통과,-,브랜드(Carbone Fine Foods) 자체 리콜·소송 검색결과 없음(타 마리나라 리콜은 Victoria·First&Last 등 다른 브랜드),2026-07-23
clif builders,탈락,탈락,탈락,O,2017 CLIF Builder's 초콜릿민트 등 견과 미표시 알레르겐 리콜 · '건강' 표방 대비 과다당 허위광고 집단소송 $1200만 합의(2024·Milan v. Clif Bar) · Clif Bar & Company,2026-07-23
mezzetta,통과,통과,통과,-,브랜드(Mezzetta) 자체 리콜·소송 검색결과 없음(타 마리나라 리콜은 Acme·Scratch 등 다른 브랜드),2026-07-23
tropical fields,통과,통과,통과,-,브랜드(Tropical Fields) 리콜·소송 검색결과 없음,2026-07-23
frankford,통과,통과,탈락,O,2023 Candy Land Gummy Dots 질식으로 유아 영구장애(뇌손상·사지마비) 제조물책임·경고표시 미비 소송(Frankford+Hasbro·2022 사고) · 리콜은 확인 안 됨,2026-07-23
tyson,탈락,통과,통과,O,2025 냉동 치킨스트립 약 1183만 파운드 금속 이물질 리콜 · Fun Nuggets 금속 이물질(2024·경미한 구강부상) · 언더프로세싱 텐더로인 리콜 등 다수 · Tyson Foods,2026-07-23
froot loops,통과,통과,탈락,O,인공색소(Red40·Yellow5/6·Blue1) 관련 Texas 검찰총장 소비자보호법 위반 조사·2027까지 색소제거 법적구속 합의 · 리콜은 없음 · WK Kellogg,2026-07-23
kikkoman,통과,통과,통과,-,Kikkoman 자체 리콜·소송 검색결과 없음(호주/UAE 소이소스 회수는 타 브랜드),2026-07-23
applegate,탈락,통과,통과,X,2014·2016 치킨너겟 플라스틱 이물질 리콜(Perdue 제조) · 글루텐프리 너겟 글루텐 함유 오표시 리콜 · 모두 5년 이전,2026-07-23
banquet,탈락,통과,탈락,O,2023 Banquet 냉동 치킨스트립 약 245366파운드 플라스틱 이물질 리콜(구강부상·Conagra) · 리콜 피해 관련 집단소송(O'Sullivan v. Conagra·뉴욕),2026-07-23
ragú,탈락,통과,통과,X,2019 라구 파스타소스 약 21.6만 파운드 플라스틱 조각 리콜(Mizkan·3종·부상보고 없음) · 5년 이전,2026-07-23
high liner,탈락,통과,통과,O,High Liner 브레디드 피시(피시스틱·너겟) 우유 미표시 알레르겐 리콜(캐나다·발병 1건 보고) · 정확한 연도는 불명확(참고),2026-07-23
realgood foods,통과,통과,통과,-,Real Good Foods Co. 자체 확정 리콜·소송 불명확(유사상호 'Real Foods'·'Good Foods Group' 치킨 오표시 리콜은 별개 법인 가능성) · 조리온도/덜익음 소비자 불만 보고(참고 플래그),2026-07-23
aunt millie,탈락,통과,통과,O,2024.9 Aunt Millie's Bakehouse 빵·번 참깨(sesame) 미표시 알레르겐 리콜(FDA Class I 최고위험) · 2023 FDA 경고서한(Perfection Bakeries),2026-07-23
bear fruit,통과,통과,통과,-,브랜드(BEAR·Real Fruit Yoyos) 리콜·소송 검색결과 없음,2026-07-23
wan ja shan,탈락,통과,통과,X,2001 호주 ANZFA 소이소스 3-MCPD(클로로프로판올) 초과 검출 리콜(해외·매우 오래됨) · 이후 미국 리콜·소송은 없음,2026-07-23
ka-me,통과,통과,통과,-,Ka-Me 자체 리콜·소송 없음(2023 하와이 아시안소스 대두 미표시 리콜은 'Kagome' 브랜드로 별개) · 2021 Prop65 통지 있음,2026-07-23
turano,통과,통과,통과,-,브랜드(Turano·Campagna-Turano Bakery) 리콜·소송 검색결과 없음(Pillsbury·Piantedosi 롤 리콜은 타 브랜드),2026-07-23
pommery,통과,통과,통과,-,브랜드(Pommery Moutarde de Meaux) 리콜·소송 검색결과 없음,2026-07-23
bookbinders,통과,통과,통과,-,브랜드(Bookbinders) 리콜·소송 검색결과 없음,2026-07-23
cafe bustelo,통과,탈락,탈락,O,'Pure' 표기 대비 디카페인 에스프레소 메틸렌클로라이드 130ppb 검출 허위표시 소송(Clean Label Project·J.M. Smucker/Rowland) · 정식 리콜은 없음,2026-07-23
starbucks,통과,통과,탈락,O,2026 디카페인 커피 미표시 휘발성유기화합물(메틸렌클로라이드·벤젠·톨루엔) 및 '100% 윤리적 소싱' 허위마케팅 집단소송 · VIA 인스턴트는 스위스워터(무용제) 공정·특정 리콜 없음,2026-07-23
chobani,통과,통과,통과,-,2025 '천연 성분만' 표기 대비 프탈레이트 함유 집단소송(PlasticList 2024 검사) 제기됐으나 법원 각하 시사 · 2025 기준 리콜 없음,2026-07-23
black forest,통과,통과,탈락,O,2026 Ferrara 캔디(Black Forest 구미 포함) 비소 과다 함유 집단소송(플로리다 보건당국 검사·10개중 8개 검출·NCA 반박) · 과거 슬랙필 포장 집단소송 합의 · 리콜은 없음,2026-07-23
eden foods,탈락,통과,통과,O,2022 Eden 유기농 사과주스 파툴린(곰팡이독소) 리콜(머스터드와 다른 품목) · 건조 해조류 무기비소 Prop65 소송 합의($27500·시정) · Eden Foods,2026-07-23
silver spring,통과,통과,통과,-,Silver Spring 브랜드 머스터드/홀스래디시 자체 리콜·소송 없음 · 제조사가 만든 PB 타르타르소스(Waterfront Bistro) 계란 미표시 오라벨 리콜(2017경)은 별개 제품,2026-07-23
bettergoods,통과,탈락,탈락,O,'Plant-Based' 표기 대비 비식물성 성분(탄산칼슘·인산칼륨·비타민A팔미테이트) 함유 집단소송($500만·플로리다·아몬드/오트/소이밀크) · Walmart PB,2026-07-23
delallo,통과,통과,통과,-,브랜드(DeLallo) 리콜·소송 검색결과 없음,2026-07-23
azera,통과,통과,통과,-,Nescafé Azera Americano 자체 리콜·소송 검색결과 없음,2026-07-23
bluey fruit,통과,통과,통과,-,'Bluey'(라이선스) 과일스낵 자체 리콜·소송 없음(GreenWise 블루베리·WanaBana 등은 타 제품),2026-07-23
golden coconut,통과,통과,통과,-,'Golden Coconut' 마카롱 자체 리콜·소송 없음(Golden King 코코넛번·Sunrise 마카롱 리콜은 타 브랜드),2026-07-23
tesco finest,통과,통과,통과,-,Tesco Finest 인스턴트커피 자체 리콜·소송 없음(영국 수입품·Magnum 아이스크림 등 타 제품 리콜과 무관),2026-07-23
m&s americano,통과,통과,통과,-,M&S 인스턴트커피 자체 리콜·소송 없음(영국 수입품·M&S 컵 등 비식품 리콜과 무관),2026-07-23
huy fong,탈락,통과,통과,X,2019 특정 배치 유산발효로 병 팽창·분출 위험 리콜(유럽/호주/NZ 등) · Underwood Ranches 공급계약 분쟁서 패소 $2330만 배상(B2B·소비자 이슈 아님) · 5년 이전,2026-07-23
frank's redhot,탈락,통과,통과,O,2021 Frank's RedHot 버팔로랜치 시즈닝(+McCormick 이탈리안시즈닝) 살모넬라 우려 리콜(32개주·질병보고 없음) · 노출된 카옌 핫소스 본품과는 다른 품목 · McCormick,2026-07-23
valentina,통과,통과,통과,-,멕시코 핫소스 납 검사(UNLV)서 Valentina는 정상 수준(과다 아님) · 2013 Prop65 납 소송은 Bufalo 등 타 브랜드 · 자체 리콜·소송 없음,2026-07-23
laoganma,탈락,통과,통과,O,2025 영국 Laoganma 블랙빈 칠리소스 땅콩 미표시 리콜(Fortune Foods) · 2026 칠리크리스프 납 Prop65 통지(캘리포니아) · 미국 본품 리콜은 아님,2026-07-23
torani,통과,탈락,통과,O,Torani 바닐라시럽 표시 허위광고 집단소송(R. Torre & Co) · 리콜 이력은 없음,2026-07-23
tastelli,통과,통과,통과,-,Tastelli 자체 리콜·소송 없음 · 콘약(konjac)젤리 카테고리는 질식위험으로 FDA 소형컵 수입금지·다수 리콜 이력 — 제품형태/규정준수 확인 권장(참고 플래그),2026-07-23
yum!brew,통과,통과,통과,-,Yum!Brew 자체 리콜·소송 없음(2025 인스턴트커피 유리조각 리콜은 Clover Valley/Dollar General 건),2026-07-23
ragu,탈락,통과,통과,X,2019 라구 파스타소스 약 21.6만 파운드 플라스틱 조각 리콜(Mizkan·3종) · 5년 이전 (무악센트 표기 매칭용·ragú 행과 동일),2026-07-23
country bob,통과,통과,통과,-,브랜드(Country Bob's) 리콜·소송 검색결과 없음,2026-07-23
iqbar,통과,탈락,탈락,O,2025 식물성 단백질바 표기 단백질 과장 집단소송(Shahinian v. IQBar 계류·Jue 건은 취하·완두단백 생체이용률) · 리콜 이력은 없음,2026-07-23
jennies,통과,통과,통과,-,브랜드(Jennies·유기농 코코넛 마카롱) 리콜·소송 없음(New Grains 마카롱 알레르겐 리콜은 타 브랜드),2026-07-23
firstchoicecandy,통과,통과,통과,-,브랜드(FirstChoiceCandy) 리콜·소송 검색결과 없음,2026-07-23
ritz,탈락,통과,통과,X,2018 Ritz 치즈크래커샌드위치·Ritz Bits 등 16종 유청분말 살모넬라 우려 리콜(질병보고 없음) · 관련 소송 제기 · Mondelez · 5년 이전,2026-07-23
trader joe,탈락,통과,탈락,O,2024-25 다수 리콜(바질 살모넬라·냉동와플 리스테리아·아사이볼 플라스틱 65만개·치킨수프덤플링 이물질 등) · Chile Spiced Mango 납 Prop65 소송 합의(2026.1),2026-07-23
good thins,통과,통과,통과,-,GOOD THINS 자체 리콜·소송 없음(Mondelez 계열 Wheat Thins '100% 홀그레인' $1000만 합의·Ritz 살모넬라 리콜은 다른 제품),2026-07-23
ghost protein,통과,통과,통과,-,Ghost 프로틴시리얼 자체 리콜·소비자 소송 없음 · Mondelez v. Ghost는 캔디 파트너십 종료 B2B 분쟁 · Premier 납 소송은 타 브랜드,2026-07-23
honey bunches,탈락,통과,통과,O,2025.5 Honey Bunches of Oats 위드 아몬드 금속 이물질 리콜(약 5300박스·FDA Class II·Sam's Club CA/CO·매장 진열 전 회수) · Post,2026-07-23
juicy juice,통과,통과,탈락,X,'면역·두뇌발달' 건강효능 허위광고 집단소송(9순회항소 부활·Nestle) · Consumer Reports 프루트펀치 납 우려(리콜 없음) · 소송은 다소 오래됨,2026-07-23
tree top,통과,탈락,통과,O,'100% 사과주스' 표기 대비 숨은 첨가물 집단소송 · 2024 비소 사과주스 리콜은 Refresco 생산 타 브랜드로 Tree Top 무관,2026-07-23
purely elizabeth,탈락,통과,통과,O,다수 리콜 — 2019 그래놀라 플라스틱/유리/돌 이물질(캐슈) · 초코씨솔트 프로바이오틱 호두 미표시 오라벨 · 2025.11 에인션트그레인 그래놀라 섬유 이물질,2026-07-23
simply apple,통과,통과,통과,-,Simply 브랜드(Coca-Cola) PFAS 집단소송은 2회 각하(증거불충분·승소) · 리콜 없음 (simply lemonade 행과 동일 브랜드),2026-07-23
real good,통과,통과,통과,-,Real Good Foods Co. 자체 확정 리콜·소송 불명확(유사상호 'Real Foods' 리콜은 별개 법인 가능성)·조리온도 소비자 불만 보고 (realgood foods 행과 동일·공백표기 매칭용),2026-07-23
cholula,탈락,통과,통과,X,2016 Cholula 칠리갈릭 핫소스 오라벨 시장회수(건강영향 낮음) · 5년 이전 · 이후 리콜·소송 없음,2026-07-23
fritos,통과,통과,통과,-,Fritos 자체 리콜·소비자 소송 없음(2025 Tostitos/Miss Vickie's 우유 미표시 리콜은 다른 Frito-Lay 제품·2012 Scoops 모방은 B2B IP소송),2026-07-23
king's hawaiian,탈락,통과,통과,O,2022.8 프레첼 슬라이더/햄버거번·바이트 원료(밀가루) 미생물오염 우려 리콜(Cronobacter/보툴리누스·질병보고 없음) · '하와이산 아님(실제 Torrance CA)' 원산지 표시 집단소송은 각하/취하,2026-07-23
nature's own,탈락,통과,통과,O,2021.12 Flowers Foods가 Nature's Own 허니휘트 3000로프 우유 미표시 리콜(버터브레드 오포장·6개주) · 배달기사 임금 집단소송은 제품과 무관,2026-07-23
snapple,통과,탈락,탈락,O,'올내추럴' 표방 대비 합성 시트르산·착색제(농축즙/베타카로틴) 함유 표시 집단소송 다수(Keurig Dr Pepper) · 일부 각하(2024.3)·일부 계류 · 리콜 없음,2026-07-23
olivari,통과,탈락,통과,O,Olivari '100% 퓨어 아보카도오일' 타 오일 혼입 허위광고 집단소송(Sam's Club·UC Davis 검사·계류) · 노출된 그레이프시드오일과는 다른 품목 · 리콜 없음,2026-07-23
louisiana brand,통과,통과,통과,-,'Louisiana' 브랜드 핫소스 자체 리콜·소송 없음(검색된 핫소스 리콜은 Texas Pete·Fat Cat 등 타 브랜드),2026-07-23
mrs. baird,통과,통과,탈락,X,1990년대 가격담합(반독점) 유죄 $1000만 벌금·집단소송(매우 오래됨) · 2015 Bimbo 빵 전구파편 리콜은 브랜드 귀속 불명확 · 최근 이슈는 없음,2026-07-23
toasteds,통과,탈락,통과,O,Toasteds 하베스트휘트 크래커 홀그레인 함량 과장 표시 집단소송(주원료 정제밀가루) · Keebler PB크래커 살모넬라 리콜은 다른 제품 · 리콜 없음,2026-07-23
ready protein,통과,통과,통과,-,'Ready' 프로틴바 자체 리콜·소송 없음(SimplyProtein·Built·David 등은 타 브랜드),2026-07-23
shirakiku,탈락,통과,통과,O,2025 Shirakiku 커비퍼프(커리) 우유 미표시·한국김 참깨 미표시 알레르겐 리콜(Wismettac·38개주) · 노리마키아라레 중금속 검출은 개인 블로거 검사 수준,2026-07-23
country pride,통과,통과,통과,-,'Country Pride' 치킨 자체 리콜·소송 없음(Perdue·Pilgrim's Pride 리콜은 타 브랜드),2026-07-23
heysweet,통과,통과,통과,-,HeySweet 자체 리콜·소송 없음 · 커피젤리(콘약 konjac 함유)는 질식위험 카테고리로 FDA 소형컵 규제 이력 — 제품형태/규정준수 확인 권장(참고 플래그),2026-07-23
hunt,탈락,통과,통과,O,Hunt's 토마토페이스트 곰팡이 리콜(2019·2023)·칠리키트 향신료 살모넬라 리콜 등(Conagra) · 케첩 본품 리콜은 아님,2026-07-23
trojan,통과,통과,탈락,O,2024 Trojan Ultra Thin PFAS(영구화학물질) 미표시 함유 집단소송($500만·Church & Dwight) · 'Made in USA' 표시 집단소송 · 리콜 없음,2026-07-23
now foods,탈락,통과,탈락,O,다수 리콜(포스파티딜세린 라벨미달·스프라우팅믹스·2024 XyliWhite 코코넛오일 치약 2.7만개) · 어유 PCB 소송·카드뮴/납 Prop65 합의판결($26만) · NOW Health Group,2026-07-23
louisiana crystal,통과,통과,통과,-,Crystal 핫소스(Baumer Foods) 자체 리콜·소송 검색결과 없음,2026-07-23
zatural,통과,통과,통과,-,브랜드(Zatural) 그레이프시드오일 자체 리콜·소송 없음(APS Pharmacy 컴파운드 의약품 grapeseed oil 리콜은 무관),2026-07-23
formaggio,탈락,통과,통과,O,2023.8 Formaggio 매리네이티드 모짜렐라 컵 리콜 · 2013 프레시모짜렐라(초리조·실란트로) 대두 미표시 오표시 리콜,2026-07-23
shearer,탈락,통과,통과,X,2016 향신료 살모넬라·2018 Meijer 딜피클칩 우유 미표시 리콜 · 2021 아크릴아마이드 Prop65 합의(2022·시정) · 최근 대형 리콜은 아님,2026-07-23
santitas,통과,통과,통과,-,Santitas 자체 리콜·소송 없음(2025 Tostitos 우유 미표시 리콜은 다른 Frito-Lay 제품),2026-07-23
idahoan,통과,탈락,통과,O,'버터&허브' 인스턴트 매시트포테이토 버터 함량 미미 허위광고 집단소송 · 해시브라운 아크릴아마이드 Prop65 민원 · Lamb Weston 해시브라운 리콜은 타 브랜드로 무관,2026-07-23
mazola,통과,탈락,탈락,O,'100% 퓨어' 카놀라오일 헥산 함유 허위광고 집단소송(ACH Food) · 1990-91 FTC 콜레스테롤 허위광고 제재(동의명령) · 리콜 이력은 없음,2026-07-23
crisco,통과,통과,통과,-,2007 트랜스지방 제거 재조성(FDA <0.5g 규정) · Crisco 자체 리콜·소송 검색결과 없음,2026-07-23
red gold,통과,통과,통과,-,Red Gold 자체 리콜·소송 없음(Gold Star Distribution 비위생 리콜은 Heinz 등 타 브랜드),2026-07-23
le sueur,통과,통과,통과,-,Le Sueur 자체 리콜·소송 없음(B&G→Seneca 매각·Sager Creek 필드피 리콜은 타 브랜드),2026-07-23
golden grill,통과,통과,통과,-,Golden Grill(Basic American Foods) 자체 리콜·소송 없음(Lamb Weston·McCain 해시브라운 리콜은 타 브랜드),2026-07-23
chef-mate,통과,통과,통과,-,Chef-mate(Nestlé Professional) 자체 리콜·소송 없음(Nestle Lean Cuisine/Stouffer's 리콜·Coffee-Mate 소송은 다른 제품),2026-07-23
summ,탈락,통과,통과,X,2020 캐나다 CFIA Summ! 치킨교자 뼈조각 혼입 리콜(Fine Choice Foods) · 5년 이전·해외,2026-07-23
caribbean food,통과,통과,통과,-,Caribbean Food Delights 자체 리콜·소송 없음(Jamaican Tastee Patties 무검사 리콜은 별개 회사),2026-07-23
lifesavers,탈락,통과,통과,O,2022 Mars Wrigley 라이프세이버 구미 금속조각 리콜(Skittles/Starburst 동반) (life savers 행과 동일·무공백 표기 매칭용),2026-07-23
whataburger,통과,통과,통과,-,Whataburger 케첩 자체 리콜·소송 없음(양파 알레르기·상표·양파오염 소송은 매장 운영 관련으로 케첩 제품과 무관),2026-07-23
frigo,통과,통과,통과,-,Frigo Cheese Heads 공식 리콜·소송 확인 안 됨 · 곰팡이·금속·플라스틱 이물질 소비자 불만 다수 신고(iwaspoisoned) · 참고 플래그,2026-07-23
synergy,탈락,탈락,탈락,X,'무알코올' 표방 대비 알코올 2-3% 함유 집단소송 $825만 합의(2017·GT's/Synergy) · Island Bliss 알코올 초과 리콜 · 주요 건은 다소 오래됨,2026-07-23
el viajero,통과,통과,통과,-,El Viajero 특정 리콜 확인 안 됨 · 단 2024 파넬라/케소프레스코 리스테리아 사망 outbreak(Rizo-López 등 다수 멕시코 치즈 리콜) 카테고리 리스크 — 공급원 확인 권장(참고 플래그),2026-07-23
blue stripes,통과,통과,통과,-,브랜드(Blue Stripes·카카오 슈퍼프루트 구미) 리콜·소송 검색결과 없음,2026-07-23
quaker,탈락,통과,탈락,O,2023.12-2024.1 그래놀라바·시리얼 90+종 살모넬라 대규모 리콜(Danville IL 공장·2020-23 균 검출·2024.6 공장폐쇄) · 집단소송 $675만 합의 · Quaker Oats,2026-07-23
raisin bran,통과,탈락,탈락,O,'심장건강/약간단맛' 표방 대비 과다당 허위광고 집단소송 $1300만 합의(2016-21·레이즌브랜/미니휘트 등·Kellogg) · 리콜 없음,2026-07-23
nutri-grain,통과,탈락,탈락,O,'건강' 표방 및 글리포세이트 함유 집단소송(2018·Kellogg 건강표방 $1300만 합의 포함) · Eggo Nutri-Grain 와플 리스테리아 리콜(과거·Eggo 브랜드) · 본품 바 리콜은 확인 안 됨,2026-07-23
bob's red,통과,통과,탈락,O,아마씨밀 카드뮴(6.1μg/serving·Hayden v. Bob's Red Mill 2023) · 차전자피 납 소송(LA)·2018 글리포세이트 집단소송 · 리콜 이력은 없음,2026-07-23
premier protein,탈락,통과,탈락,O,Premier Protein 셰이크 2022 Cronobacter/보툴리누스 리콜(Lyons Magnus·53종) · 단백질 함량 표시 $900만 합의(2018)·납 소송(2023·대부분 2024 각하) · 노출된 시리얼과는 다른 품목이나 동일 브랜드,2026-07-23
yellowbird,통과,통과,통과,-,Yellowbird 자체 리콜·소송 없음(Texas Pete·Mr. Bing·Huy Fong 스리라차 리콜은 타 브랜드),2026-07-23
the only bean,통과,탈락,탈락,O,'고단백 슈퍼스낵' 표기 대비 소화보정 단백질 미표시 집단소송(2026·캘리포니아) · 리콜 이력은 없음,2026-07-23
langers,통과,탈락,탈락,O,'100% 주스' 표기 대비 합성첨가물(아스코르브/구연산 등) 함유 집단소송 다수(2025) · 2007 FDA 경고서한·2021 불안전 생산 B2B 소송 · 리콜 이력은 없음,2026-07-23
nutrail,통과,통과,통과,-,브랜드(NuTrail·키토 넛 그래놀라) 리콜·소송 검색결과 없음,2026-07-23
crispy green,통과,통과,통과,-,Crispy Green 자체 리콜·소송 없음(Tru Fru 냉동건조 금속 리콜은 타 브랜드),2026-07-23
old orchard,통과,탈락,탈락,X,'100% 주스' 표기 오인 집단소송 합의(리베이트 쿠폰·Mathias v. Old Orchard) · 리콜 이력은 없음 · 소송시기 다소 오래됨 추정,2026-07-23
lakewood,탈락,통과,통과,X,Lakewood 유기농 프레시프레스드 사과주스 무기비소 FDA 한도 초과 리콜 · FDA 경고서한(질병 치료 표방=미승인 신약) · 시기 다소 오래됨 추정,2026-07-23
sweetgourmet,통과,통과,통과,-,SweetGourmet 자체 리콜·소송 없음(7-Eleven/Hapi 와사비 표시 소송은 타 브랜드),2026-07-23
allen,탈락,통과,통과,X,2016 Sager Creek Allens 컷그린빈·필드피 조개류 미표시/이물질 우려 리콜 · Lakeside·New Era 보툴리누스 리콜은 타 브랜드 · 5년 이전,2026-07-23
giorgio,통과,통과,통과,-,Giorgio 버섯 자체 리콜·소송 최근 검색결과 없음(에노키 리스테리아 리콜은 타 브랜드),2026-07-23
giovanni rana,탈락,통과,통과,O,2026.5 러스틱비프&부라타 라비올리 새우/랍스터 미표시 리콜(Costco MD/NJ) · 2025 영국 라자냐 갑각류 오포장 리콜 · Rana,2026-07-23
cento,통과,탈락,탈락,O,'Certified San Marzano' 표기가 DOP 아닌 Agri-Cert 인증이라며 원산지 허위표시 집단소송($2500만·캘리포니아·Cento는 부인) · 리콜 이력은 없음,2026-07-23
lipton,탈락,통과,통과,O,2025 립톤 그린 아이스티 오라벨 리콜(다이어트 표기에 실제 설탕 25g·PepsiCo·10개주·FDA Class II),2026-07-23
emergen-c,통과,탈락,탈락,O,면역·에너지 효능 허위광고 집단소송 $645만 합의(2014) · '천연향료' DL-말산 표시·구미 비타민C/엘더베리 함량 과장 집단소송(최근) · 리콜 없음,2026-07-23
true lemon,통과,탈락,탈락,O,'크리스탈라이즈드 레몬/천연향료' 표기 대비 합성 DL-말산·구연산 함유 집단소송(2020·Grand Brands) · 리콜 이력은 없음,2026-07-23
cosori,탈락,통과,탈락,O,2023 CPSC Cosori 에어프라이어 200만대+ 화재/화상 위험 리콜(205건 화재·10건 화상·소송 다수) · 노출 제품은 디하이드레이터(주방가전·비식품),2026-07-23
nature's twist,통과,통과,통과,-,Nature's Twist 자체 리콜·소송 없음(Lemon Perfect 소송은 타 브랜드),2026-07-23
sublime desserts,탈락,통과,통과,O,2022.12 Sublime Desserts가 Member's Mark 홀리데이 마카롱 14.88만개 플라스틱 이물질 리콜(Sam's Club·FDA Class II),2026-07-23
de la cruz,통과,통과,통과,-,De La Cruz 그레이프시드오일(스킨/헤어용) 리콜·소송 없음,2026-07-23
perfect choice,통과,통과,통과,-,Perfect Choice 바질페스토 자체 리콜·소송 없음(JBS 'Comnor Perfect Choice' 소고기 살모넬라 리콜은 다른 제품·Cucina&Amore 페스토 리콜은 타 브랜드),2026-07-23
best foods,통과,통과,통과,-,Best Foods(=Hellmann's·Unilever) 리콜 없음 · Just Mayo 소송은 자진취하 · 'With Olive Oil' 함량 집단소송은 노출된 Real Mayonnaise와 무관(hellmann 행과 동일 브랜드),2026-07-23
california olive ranch,통과,통과,탈락,O,카바릴 농약 잔류 Prop65 소송 합의($38.5만·2024·시정) · 납 화합물 Prop65 합의($2만·2025) · 리콜·혼입 소송은 없음,2026-07-23
ken's,통과,탈락,통과,O,'Olive Oil' 드레싱이 실제 카놀라/대두 등 필러오일 위주(올리브오일 2-6%) 표시 집단소송(Skinner v. Ken's Foods·2018 라벨수정) · 리콜 이력은 없음,2026-07-23
mccain,탈락,통과,통과,O,2023 캐나다 McCain 스테이크리스프 프라이 글루텐/밀 미표시 리콜 · 2024 영국 McCain 인도산 제품 머스터드/셀러리·산화에틸렌 리콜 · 미국 리콜은 아님,2026-07-23
pura d'or,통과,통과,통과,-,PURA D'OR(헤어/스킨케어) 자체 리콜·소송 없음 · 'Pura Scents' 디퓨저 자석 리콜은 별개 회사·비식품,2026-07-23
andy capp,탈락,통과,통과,X,2013 Andy Capp's 핫프라이즈 체다맛 오포장으로 대두 미표시 리콜(약 756케이스·ConAgra) · 5년 이전,2026-07-23
chester,통과,통과,통과,-,Chester's 자체 리콜·소송 없음(Lay's·Tostitos·Miss Vickie's 우유 미표시 리콜은 다른 Frito-Lay 제품),2026-07-23
dale's,통과,통과,통과,-,Dale's 스테이크 시즈닝 자체 리콜·소송 검색결과 없음,2026-07-23
divina,탈락,통과,통과,X,2011 FoodMatch Divina 스터프드올리브(페타/블루치즈) 보툴리누스 우려 리콜(UNFI 온도관리 실패) · 노출된 비건페스토와 다른 품목 · 5년 이전,2026-07-23
nature's garden,통과,통과,통과,-,Nature's Garden 트레일믹스/스낵 자체 리콜·소송 검색결과 없음,2026-07-23
gogo squeez,탈락,통과,통과,X,2015 파우치 곰팡이(건강위험 없음)·2016 설비 식품잔류물 리콜(MDARD) · 5년 이전,2026-07-23
arizona,통과,탈락,탈락,O,'올내추럴/100% 내추럴' 표기 대비 합성성분(착색·HFCS·말산·에리스리톨 등) 함유 집단소송 다수 · 'Lite' 아놀드파머 당/칼로리 오인 소송(계류) · 일부 각하 · 리콜 없음,2026-07-23
bibigo,탈락,통과,통과,O,2024 Bibigo 새우만두 계란 미표시 알레르겐 리콜(필리핀/호주/싱가포르·CJ) · 노출된 치킨&야채 미니완탕과는 다른 품목 · 미국 리콜은 아님,2026-07-23
filippo berio,통과,탈락,탈락,X,'Imported from Italy' 원산지 오인 표시 집단소송 합의(2014·병당 50센트·Salov) · 엑스트라버진 기준 미달 주장 · 리콜 이력은 없음 · 다소 오래됨,2026-07-23
snickers,탈락,통과,통과,X,2016 스니커즈 플라스틱 조각 혼입으로 55개국 리콜(네덜란드 공장·질식위험) · Dove 어소트먼트 내 스니커즈 등 알레르겐 미표시 리콜 · Mars · 주요 건 5년 이전,2026-07-23
betty crocker,탈락,통과,통과,O,베티크로커 케이크믹스 대장균(오염 밀가루) 리콜(2016)·Gold Medal 밀가루 살모넬라 리콜(2023 연계) · 노출 제품(Fruit Gushers)은 gushers 행 참조 · General Mills,2026-07-23
helper,통과,통과,탈락,X,2000-2016 Hamburger/Tuna/Chicken Helper 부분경화유(트랜스지방) 함유 집단소송(캘리포니아) · 리콜 이력은 없음 · 다소 오래됨,2026-07-23
innovasian,탈락,통과,통과,O,2022 크리스피치킨위드아몬드 오표시·새우 미표시 리콜(약 6103파운드·Walmart 28개주) · 2016 치킨프라이드라이스 리스테리아 리콜 · InnovAsian,2026-07-23
popchips,통과,통과,통과,-,Popchips 자체 리콜·소송 없음(2025 슬랙필 집단소송은 PopCorners 건·2018 ASU 공기함량 조사는 소송 아님),2026-07-23
twin dragon,통과,통과,통과,-,Twin Dragon 완탕피 자체 리콜·소송 검색결과 없음,2026-07-23
ty ling,통과,통과,통과,-,Ty Ling 핫머스타드 자체 리콜·소송 없음(China Lily·Chongqing 소스 리콜은 타 브랜드),2026-07-23
amoy,통과,통과,통과,-,Amoy 포크완탕 자체 리콜·소송 없음(Red Bowl·Ajinomoto·Wonton King 완탕 리콜은 타 브랜드),2026-07-23
chips ahoy,탈락,통과,통과,O,2025.12 Chips Ahoy 베이크드바이츠 브루키 콘스타치 덩어리 질식위험 리콜 · 2019 츄이 칩스아호이 굳은 이물질 리콜(건강불만) · Mondelez,2026-07-23
utz,탈락,통과,통과,O,2026 Zapp's·Dirty 감자칩 시즈닝 유청분말 살모넬라 리콜(FDA Class I)·2024 Utz Wavy 우유 미표시 리콜 · Utz Quality Foods,2026-07-23
herr,탈락,통과,탈락,X,스모크드치포틀레·크랙드페퍼 감자칩 살모넬라(시즈닝) 리콜·글루텐프리 오표시 리콜(2016경) · 과대포장(슬랙필 54%) 집단소송 · 다소 오래됨,2026-07-23
vlasic,통과,통과,통과,-,Vlasic 자체 리콜·소송 검색결과 없음(Claussen·보툴리누스 피클 리콜은 타 브랜드),2026-07-23
crazy richard,통과,통과,통과,-,Crazy Richard's 자체 확정 리콜·소송 없음 · 2018 아크릴아마이드 Prop65 통지 제기됐으나 철회 · Jif 등 타 브랜드 리콜과 무관,2026-07-23
arnott,통과,통과,통과,-,2022 아크릴아마이드 Prop65 소송(EHA v. Arnott's·베이크드류 공통 이슈) · 리콜 이력은 없음,2026-07-23
st pierre,탈락,통과,통과,O,St Pierre 팽오쇼콜라 곰팡이 우려 리콜(영국) · 미국 브리오슈 롤 리콜은 아님(Bakery Group 브리오슈 알레르겐 리콜은 별개 회사) · 시기 불명확,2026-07-23
gamesa,탈락,통과,통과,O,2022 Gamesa 아르코이리스 마시멜로쿠키 살모넬라 리콜(PepsiCo) · 아크릴아마이드 Prop65 소송(로스카스) · 노출된 Mamut과는 다른 품목,2026-07-23
sweetart,통과,통과,탈락,O,2026 Ferrara 캔디(SweeTARTS 포함) 비소 과다 함유 집단소송(플로리다 검사·10개중 8개·NCA 반박) · 리콜은 없음 · Ferrara,2026-07-23
stonewall kitchen,탈락,통과,통과,O,다수 리콜 — 고스트페퍼살사 오라벨(케소/알레르겐)·팬케이크믹스·피넛버터몰트볼 알레르겐·둘세데레체 보툴리누스·2024 글루텐프리 도넛믹스 밀 · 노출된 피그잼 자체 리콜은 아님,2026-07-23
st dalfour,통과,통과,통과,-,St Dalfour 프루트스프레드 자체 리콜·소송 검색결과 없음,2026-07-23
aloha right now,통과,통과,통과,-,Aloha Right Now 아라레 라이스크래커 자체 리콜·소송 검색결과 없음,2026-07-23
balconi,통과,통과,통과,-,Balconi 미니티라미수 스낵케이크 자체 리콜·소송 검색결과 없음,2026-07-23
iberia,통과,통과,통과,-,Iberia 브레바스(무화과) 프리저브 자체 리콜·소송 검색결과 없음,2026-07-23
dalmatia,통과,통과,통과,-,Dalmatia 자체 리콜·소비자 소송 없음 · FoodMatch/Divina 레시피 영업비밀 소송은 Dalmatia가 원고·승소(B2B),2026-07-23
waka,통과,통과,통과,-,Waka Coffee 자체 리콜·소송 없음(Clover Valley 인스턴트커피 유리 리콜은 타 브랜드),2026-07-23
club snack,통과,통과,통과,-,Club 브랜드(Kellanova) 자체 리콜·소송 없음 (club crackers 행과 동일 브랜드·스낵스택 표기 매칭용),2026-07-23
david high,통과,탈락,통과,O,2026 칼로리/지방 함량 표기 오류 집단소송(실측 칼로리 최대 83%·지방 400% 초과 주장·David는 부인)→2026.4 취하 · 리콜 없음,2026-07-23
albanese,탈락,통과,통과,O,2022 다크초콜릿 에스프레소빈 땅콩 오포장 리콜·피넛버터컵 살모넬라 리콜 · 노출된 구미베어 자체 리콜은 아님 · Albanese,2026-07-23
bauducco,통과,통과,통과,-,2017-18 웨이퍼 아크릴아마이드 Prop65 소송 합의($5만·시정·베이크드류 공통 이슈) · 리콜 이력은 없음,2026-07-23
inglehoffer,통과,통과,통과,-,Inglehoffer 스톤그라운드 머스타드 '방부제 무첨가' 대비 구연산 함유 집단소송(Beaverton Foods·각하신청·FDA는 구연산≠방부제 입장) · 리콜 없음,2026-07-23
kenco,통과,통과,통과,-,Kenco Millicano 자체 리콜·소송 없음(2024 제조법 변경 소비자 불만만 있음·영국),2026-07-23
sun tropics,통과,통과,통과,-,노출된 CocoRolls 리콜 없음 · Island Saba 바나나칩 아크릴아마이드 Prop65 합의($2.5만·2021·베이크드류 공통) · 자체 리콜 없음,2026-07-23
sushi chef,통과,통과,통과,-,Sushi Chef 와사비(파우더 홀스래디시) 자체 리콜·소송 없음(Blue Diamond·7-Eleven 와사비 표시 소송은 타 브랜드),2026-07-23
gourmanity,통과,통과,통과,-,Gourmanity 피그잼 자체 리콜·소송 없음 · 스위튼드 코코넛밀크 Prop65 통지(2026·소송 전 단계·타 제품),2026-07-23
annie,통과,통과,탈락,O,2021 Annie's 맥앤치즈(23종·유기농 포함) 프탈레이트 미표시 집단소송(General Mills·'organic/건강' 표방) · 2024 Consumer Reports 유기농 라비올리 프탈레이트 최고치 · 리콜 없음,2026-07-23
entenmann,탈락,통과,통과,X,2016·2019 Little Bites(머핀/쿠키) 플라스틱 조각 리콜(Bimbo·36개주·질식위험) · 5년 이전,2026-07-23
otis spunkmeyer,통과,통과,통과,-,Otis Spunkmeyer 자체 확정 리콜·소송 명확치 않음 · 2025 인공색소 전면 제거 · 머핀 리스테리아 리콜 언급 있으나 브랜드 귀속 확인 안 됨(참고),2026-07-23
crunchmaster,통과,통과,통과,-,Crunchmaster 자체 리콜·소송 없음(Ritz·Goldfish 리콜은 타 브랜드),2026-07-23
sakai,통과,통과,통과,-,Sakai 프레시 와사비 페이스트 자체 리콜·소송 없음(Azuma Tako Wasabi·Blue Diamond 등은 타 브랜드),2026-07-23
vicenzovo,통과,통과,통과,-,Matilde Vicenzi 레이디핑거(사보이아르디) 자체 리콜·소송 없음,2026-07-23
gullon,통과,통과,통과,-,Gullón 슈가프리 비스킷 자체 리콜·소송 없음,2026-07-23
mcvities,통과,통과,통과,-,McVitie's 자체 리콜·소송 없음 · 아크릴아마이드 Prop65 통지 2건 모두 철회(2021)·영국 바코드 오류 회수(안전이슈 아님) (mcvitie's 행과 동일·무아포스트로피 매칭용),2026-07-23
club original,통과,통과,통과,-,Club 브랜드(Kellanova) 자체 리콜·소송 없음 (club crackers 행과 동일 브랜드·변형 표기 매칭용),2026-07-23
club minis,통과,통과,통과,-,Club 브랜드(Kellanova) 자체 리콜·소송 없음 (club crackers 행과 동일 브랜드·변형 표기 매칭용),2026-07-23
club multigrain,통과,통과,통과,-,Club 브랜드(Kellanova) 자체 리콜·소송 없음 (club crackers 행과 동일 브랜드·변형 표기 매칭용),2026-07-23
town house,통과,통과,통과,-,Town House(Kellanova) 크래커 자체 리콜·소송 검색결과 없음,2026-07-23
pirouline,통과,통과,통과,-,Pirouline(DeBeukelaer Cookie) 웨이퍼 자체 리콜·소송 검색결과 없음,2026-07-23
necco,통과,통과,통과,-,Necco 제품 리콜 없음 · 2018 FDA 위생 경고서한(리콜/벌금 없음)·공장폐쇄 소송은 근로자 임금/파산 건으로 소비자 제품 무관,2026-07-23
ottogi,탈락,탈락,통과,O,Ottogi America 계란 미표시 알레르겐 리콜(FDA) · 한국 MFDS '와사비' 표시위반 행정처분(실제 고추냉이 20-75%·2020-21),2026-07-23
choczero,통과,통과,통과,-,ChocZero 초콜릿헤이즐넛 스프레드 자체 리콜·소송 없음(Chuao·Jumbo 스프레드 리콜은 타 브랜드),2026-07-23
grandma's jam,통과,통과,통과,-,Grandma's Jam House 자체 리콜·소송 없음,2026-07-23
pirucream,통과,통과,통과,-,Pirucream 롤드웨이퍼 자체 리콜·소송 없음,2026-07-23
s&b neri,통과,통과,통과,-,S&B 와사비(고추냉이+와사비 혼합·성분공개) 자체 리콜·소송 없음(Ottogi·Blue Diamond 표시건은 타 브랜드),2026-07-23
s&b premium,통과,통과,통과,-,S&B 와사비(고추냉이+와사비 혼합·성분공개) 자체 리콜·소송 없음,2026-07-23
"s&b, wasabi",통과,통과,통과,-,S&B 와사비(고추냉이+와사비 혼합·성분공개) 자체 리콜·소송 없음,2026-07-23
hime,통과,통과,통과,-,Hime(JFC) 파우더 수시 와사비 자체 리콜·소송 검색결과 없음,2026-07-23
shizuoka,통과,통과,통과,-,Shizuoka Hon Wasabi(Tamaruya·100% 혼와사비) 자체 리콜·소송 없음,2026-07-23
sb golden,탈락,통과,통과,X,S&B Golden Curry(2020 영국 셀러리·머스터드 미표시 리콜·JFC UK) · 미국 정식 리콜은 미확인 (s&b golden curry 행과 동일·무앰퍼샌드 매칭용),2026-07-23
fruity pebbles,통과,탈락,탈락,O,'패밀리사이즈' Fruity Pebbles 서빙수 부족(15→약12.2)·칼로리/당/나트륨 과소표기 집단소송(2025)·박스 슬랙필 집단소송(각하기각) · 리콜 없음 · Post,2026-07-23
cap'n crunch,탈락,통과,통과,O,2024 Quaker 살모넬라 리콜에 Cap'n Crunch 다수 포함(OOPS올베리·시나몬크런치 등)·2018 PB크런치 살모넬라 리콜·1993 판촉완구 안전리콜 · Quaker,2026-07-23
mike and ike,통과,통과,탈락,O,과대포장(슬랙필·반쯤 빈 박스) 집단소송 $330만 합의(Just Born·Mike and Ike+Hot Tamales·2013-2020) · 리콜 없음,2026-07-23
zachary,통과,통과,통과,-,Zachary Confections 캔디(오렌지슬라이스/스파이스드롭 등) 자체 리콜·소송 검색결과 없음,2026-07-23
apple jacks,탈락,통과,통과,X,2010 이취/냄새(박스 라이너 메틸나프탈렌) 2800만박스 리콜(Apple Jacks 포함·구토/설사 신고)·Kellogg 인공색소 이슈는 Froot Loops 참조 · 5년 이전,2026-07-23
polaner,통과,탈락,통과,O,'All Fruit/과일주스만으로 감미' 표기 대비 구연산·천연향료 함유 집단소송(2022·B&G Foods·각하신청) · 리콜 없음,2026-07-23
shameless snacks,통과,통과,통과,-,Shameless Snacks 제품 리콜·소송 없음(구독 자동갱신 관련 소비자 불만만 있음),2026-07-23
amos,통과,통과,통과,-,Amos Peelerz(Amos Sweets) 필러블 구미 자체 리콜·소송 검색결과 없음,2026-07-23
kashi,통과,탈락,탈락,X,'올내추럴/인공무첨가' 표기 대비 헥산처리 대두·GMO·합성비타민 함유 집단소송 합의($500만+$399만·2014-15·Kellogg) · 리콜 없음 · 다소 오래됨,2026-07-23
malt-o-meal,탈락,통과,탈락,X,1998·2008 살모넬라 리콜(퍼프드라이스/토스트오트·집단소송 $200만 합의 등) · 모두 5년 이전,2026-07-23
peter pan,탈락,통과,탈락,X,2007 살모넬라 대규모 리콜(625명 발병/47개주·3년치 생산분 회수)·ConAgra $1120만 벌금·유죄인정 · 5년 이전,2026-07-23
simplot,통과,통과,탈락,O,냉동감자 가격담합(반독점) 집단소송 피고(Simplot·Lamb Weston 등 4사·시장 97%·2022-24 가격 47%↑) · Sidewinder 특허소송은 Simplot이 원고 · 리콜 없음,2026-07-23
cascadian farm,탈락,통과,통과,X,2017 오가닉 시나몬레이즌 그래놀라 아몬드 미표시 리콜(General Mills) · 글리포세이트 검사는 업계 일반이슈(Honey Nut O's는 미검출) · 5년 이전,2026-07-23
fischer & wieser,탈락,통과,통과,O,2022 Fischer & Wieser 제조 H-E-B 크리미토마토바질수프 유리조각 리콜 · 노출된 트리플베리잼과는 다른 품목,2026-07-23
sweet sensations,통과,통과,통과,-,Sweet Sensations 스위트포테이토프라이(Wayne Bailey) 자체 리콜·소송 없음(Walkers Sensations·Sprout 리콜은 타 브랜드),2026-07-23
philadelphia,통과,통과,통과,-,Philadelphia(Kraft) 크림치즈 자체 리콜·소송 없음 · 2024 Schreiber Foods 살모넬라 크림치즈 리콜은 PB/타 브랜드(Aldi·Kroger 등)로 Philadelphia 아님,2026-07-23
rold gold,탈락,통과,통과,X,2016 Rold Gold 프레첼 땅콩 잔류물 미표시 리콜(Frito-Lay·Grain Craft 밀가루) · 5년 이전,2026-07-23
dot's,통과,통과,통과,-,Dot's Pretzels(Hershey) 자체 확정 리콜·소송 없음 · 2023 Velva 공장폐쇄 · 프레첼 알레르겐 리콜 언급은 브랜드 귀속 불명확(참고),2026-07-23
archway,탈락,통과,통과,X,홀리데이 캐슈너겟 쿠키 유리조각 리콜(1998 등)·2003 라즈베리필드 아몬드가루 미표시 리콜 · 파산 관련 소송(WARN/사기)은 B2B·오래됨 · 5년 이전,2026-07-23
cote d'or,통과,통과,탈락,O,Mondelez 'Cocoa Life/지속가능 소싱' 표기 대비 아동노동·삼림파괴 허위마케팅 집단소송(2024) · 다크초콜릿 카드뮴/납 소송은 Green&Black's 등 타 브랜드 · 리콜 없음,2026-07-23
juan valdez,통과,통과,통과,-,Juan Valdez 커피 제품 리콜·소비자 소송 없음 · 2006 슬로건 상표 분쟁(Fedecafé v Café Britt·B2B),2026-07-23
samlip,통과,통과,통과,-,Samlip 누가 웨이퍼 자체 리콜·소송 검색결과 없음,2026-07-23
yuki & love,통과,통과,통과,-,Yuki & Love 보바누가 비스킷 자체 리콜·소송 검색결과 없음,2026-07-23
